Date,Close,High,Low,Open,Volume
,AAPL,AAPL,AAPL,AAPL,AAPL
2018-01-02,40.341888427734375,40.351258103264755,39.63931284929152,39.85008766691489,102223600
2018-01-03,40.33485412597656,40.87818083627618,40.27162491067019,40.405112383133705,118071600
2018-01-04,40.522220611572266,40.62526561027816,40.299739040812426,40.40746530419806,89738400
2018-01-05,40.98356628417969,41.07021610938013,40.526892974566934,40.618227636489486,94640000
2018-01-08,40.831356048583984,41.126436533395285,40.73299231349569,40.831356048583984,82271200
2018-01-09,40.82666778564453,40.997626844556606,40.61121170113573,40.87819028123188,86336000
2018-01-10,40.81730270385742,40.81964690977428,40.51519673980712,40.55266829963054,95839600
2018-01-11,41.04914855957031,41.09833042205364,40.86413856419507,40.88755560589044,74670800
2018-01-12,41.4730224609375,41.536255243634926,41.13578571786198,41.25990707837129,101672400
2018-01-16,41.26227951049805,42.01169302251057,41.25056919850861,41.66274573674412,118263600
2018-01-17,41.94375991821289,41.97888726477312,40.99996709013325,41.25289113233468,137547200
2018-01-18,41.98124313354492,42.17796706613359,41.744710576062296,42.00700438820027,124773600
2018-01-19,41.793880462646484,42.056174199536976,41.54797829756957,41.82900781187855,129700400
2018-01-22,41.451961517333984,41.63463089237908,41.358286197536025,41.52221979392465,108434400
2018-01-23,41.46132278442383,42.023385358113266,41.409803865982504,41.5222149513268,130756400
2018-01-24,40.800907135009766,41.52221851030546,40.5620304313799,41.510508202321624,204420400
2018-01-25,40.07257080078125,40.9718667190559,39.93673908810159,40.86882172505862,166116000
2018-01-26,40.16624069213867,40.28099597876492,39.82666324306097,40.28099597876492,156572000
2018-01-29,39.334861755371094,39.850083072126374,39.126431167404846,39.850083072126374,202561600
2018-01-30,39.1030158996582,39.19669121606022,38.571399366691885,38.76577904303612,184192800
2018-01-31,39.21073532104492,39.44727134997662,38.99293864030814,39.07958847154962,129915600
2018-02-01,39.2927131652832,39.48943348596959,39.05383644817289,39.149855976180945,188923200
2018-02-02,37.587791442871094,39.063200793643205,37.49411613346626,38.875846601349544,346375200
2018-02-05,36.648685455322266,38.37936315766333,36.533930157475886,37.259926352819406,290954000
2018-02-06,38.1803092956543,38.341902295868394,36.065556496081086,36.259936222897664,272975200
2018-02-07,37.36296844482422,38.266949183640655,37.252901556247814,38.19435027749091,206434400
2018-02-08,36.334869384765625,37.7048933359953,36.30676750219174,37.5386155259692,217562000
2018-02-09,36.77928924560547,37.12730529106897,35.32843481182689,36.93448689935861,282690400
2018-02-12,38.260711669921875,38.53818298500872,37.03794626199481,37.270742729099624,243278000
2018-02-13,38.64400100708008,38.740411998223614,38.01145592145759,38.08200063663708,130196800
2018-02-14,39.35649490356445,39.39646940475881,38.300688708120006,38.33830944638612,162579600
2018-02-15,40.678016662597656,40.70152917267764,39.73978032072299,39.925544578981956,204588800
2018-02-16,40.54633712768555,41.10834109330576,40.39114305798733,40.52987872716522,160704400
2018-02-20,40.40996170043945,40.97666251869846,40.30884675397618,40.45699032267764,135722000
2018-02-21,40.2265510559082,40.94374568045291,40.212439238762585,40.640407990824755,149886400
2018-02-22,40.562801361083984,40.903763321580946,40.37703706692749,40.39819940650478,123967600
2018-02-23,41.26823806762695,41.30350863075407,40.80734904379779,40.8379192572101,135249600
2018-02-26,42.084205627441406,42.18296681191079,41.43520202033378,41.468122415156905,152648800
2018-02-27,41.94781494140625,42.439270627879786,41.89373221115718,42.11477065833186,155712400
2018-02-28,41.88433074951172,42.47219752328346,41.86787234563421,42.15239785482947,151128400
2018-03-01,41.15066146850586,42.27466210614424,40.6004191991454,41.983078984611204,195208000
2018-03-02,41.43519973754883,41.45636207847196,40.55104588863155,40.633348665182034,153816000
2018-03-05,41.578643798828125,41.79497834569878,41.03780563762442,41.20005744479094,113605600
2018-03-06,41.54336166381836,41.9148938321395,41.416384041050755,41.83494482565421,95154000
2018-03-07,41.1577262878418,41.35054830257984,40.97901608895721,41.13656394614241,126814000
2018-03-08,41.60685348510742,41.64917816458234,41.16713034853489,41.26353775891226,95096400
2018-03-09,42.32170486450195,42.3264088034686,41.71267573229615,41.846711082439775,128740800
2018-03-12,42.73085403442383,42.88840187598345,42.37578384715246,42.39459242365057,128828400
2018-03-13,42.31935119628906,43.14941874671563,42.14769511274194,42.93543439207039,126774000
2018-03-14,41.959571838378906,42.448677336361385,41.81142828997484,42.401648720566676,117473600
2018-03-15,42.00893783569336,42.38282364932317,41.8725559678386,41.973667281602005,90975200
2018-03-16,41.86081314086914,42.119472337041785,41.766752315671596,42.008953109968175,157618800
2018-03-19,41.22121047973633,41.73147830463949,40.835570098387464,41.696207740634804,133787200
2018-03-20,41.20710372924805,41.57393196024154,41.136559010660044,41.20710372924805,78597600
2018-03-21,40.2735710144043,41.17182942442222,40.271217251359516,41.16007137335858,148219600
2018-03-22,39.70451354980469,40.60512206776271,39.64572688691664,39.974930763868414,165963200
2018-03-23,38.785099029541016,39.95612864394828,38.785099029541016,39.596354463690304,164115200
2018-03-26,40.62629699707031,40.703895839846645,39.13781793229658,39.5211082074498,150164800
2018-03-27,39.5845947265625,41.185943183911476,39.250686842203656,40.840277246909274,163690400
2018-03-28,39.1472282409668,39.97964970924838,38.843890525339965,39.328292235285254,166674000
2018-03-29,39.45291519165039,40.38644792863165,39.245984936182275,39.459969305990974,153594000
2018-04-02,39.194244384765625,39.7256781438141,38.674572264626626,39.184840096912744,150347200
2018-04-03,39.596351623535156,39.681004576821195,38.77098802003664,39.41999160319373,121112000
2018-04-04,40.35352325439453,40.44758049433387,38.74512077027734,38.770987049468715,138422000
2018-04-05,40.63335418701172,40.9696122764427,40.46404826051155,40.581621621244764,107732800
2018-04-06,39.59400177001953,40.55810106955422,39.55167349900567,40.20303085074771,140021200
2018-04-09,39.9866828918457,40.70152702794921,39.93965428611105,39.946708397568614,116070800
2018-04-10,40.73917007446289,40.91553011807529,40.33471742073413,40.68038339325876,113634400
2018-04-11,40.5486946105957,40.89671069695223,40.374684773390626,40.49931222839776,89726400
2018-04-12,40.94844055175781,41.15066682941306,40.68977778218014,40.77678448906721,91557200
2018-04-13,41.08718490600586,41.348197905710904,40.88025823467464,41.09894295948079,100497200
2018-04-16,41.34349060058594,41.430493723168546,41.1106940979349,41.15772271587,86313600
2018-04-17,41.91254425048828,42.07714620383334,41.482225408708985,41.50103757309891,106421600
2018-04-18,41.8184928894043,42.04893926427621,41.59275404176173,41.81143877466886,83018000
2018-04-19,40.63335418701172,41.242383334476784,40.60043378952859,40.85909303030914,139235200
2018-04-20,38.968509674072266,40.26181646642475,38.90031512480177,40.11602666710039,261964400
2018-04-23,38.85563278198242,39.25067742200016,38.58521198830198,39.22951508515344,146062000
2018-04-24,38.31480026245117,39.11194735682978,37.91034768951034,38.95674968831802,134768000
2018-04-25,38.48175811767578,38.89796880402129,38.19017849013432,38.23955729051611,113528400
2018-04-26,38.61578369140625,38.97085384618492,38.415907600882896,38.59226759085532,111852000
2018-04-27,38.16901397705078,38.64165755124664,37.77161548089102,38.56405870986155,142623200
2018-04-30,38.86034393310547,39.3306373522608,38.05614261691634,38.124337172004125,169709600
2018-05-01,39.76329040527344,39.786802911797515,38.86267852139373,39.13074549452368,214277600
2018-05-02,41.51984786987305,41.79731920902319,40.868490610877785,41.20474861558211,266157600
2018-05-03,41.5950927734375,41.73853238035126,41.01898417086866,41.35759593722596,136272800
2018-05-04,43.22700881958008,43.32576998137287,41.896077928083315,41.91489009052762,224805200
2018-05-07,43.539764404296875,44.12998133734006,43.4433533948992,43.544464754959726,169805600
2018-05-08,43.74904251098633,43.7890170178285,43.18939223908844,43.49978759299765,113611200
2018-05-09,44.05707550048828,44.06647978753421,43.55386182428417,43.86660729234394,92844800
2018-05-10,44.68727493286133,44.76487377033595,44.12527449301821,44.14644042182307,111957200
2018-05-11,44.51731872558594,44.86431758098543,44.248217939958764,44.729768989116714,104848800
2018-05-14,44.413448333740234,44.739203197154275,44.34499442861878,44.61645441353766,83115200
2018-05-15,44.009796142578125,44.15851093606844,43.693485453401316,44.090053433523465,94780800
2018-05-16,44.4205322265625,44.486630499953954,43.90593748388413,43.92246295270436,76732400
2018-05-17,44.13963317871094,44.592855342417124,43.99091836181578,44.378045851766245,69176000
2018-05-18,43.9791145324707,44.33319468202338,43.93662664343136,44.186842706146265,73190800
2018-05-21,44.29070281982422,44.67783027119842,44.120744075134155,44.37804142960773,73603200
2018-05-22,44.179779052734375,44.585791408014536,44.09007755971706,44.46776464431428,60962800
2018-05-23,44.4630241394043,44.49607147546965,43.84928378174547,43.988558042632555,80233600
2018-05-24,44.413448333740234,44.57632576544726,43.95550773688488,44.55980389947556,92936000
2018-05-25,44.51496505737305,44.76754040439707,44.29543345111309,44.43234489979227,69844000
2018-05-29,44.35444641113281,44.555093305183746,44.11131162058554,44.283633250305584,90056400
2018-05-30,44.260013580322266,44.37804028320312,44.090054840022695,44.311945617740975,74762000
2018-05-31,44.111297607421875,44.43233037478441,43.938979634333535,44.193917737993985,109931200
2018-06-01,44.90681457519531,44.91153305135482,44.31904012321889,44.375694254144754,93770000
2018-06-04,45.28211975097656,45.65744375602655,45.16881513852328,45.237269033035616,105064800
2018-06-05,45.6314811706543,45.780195961976794,45.40723116598109,45.5748306611135,86264000
2018-06-06,45.789642333984375,45.81324911722004,45.303372855200706,45.707025796438366,83734400
2018-06-07,45.666893005371094,45.8415702186734,45.4025107442856,45.827407590772026,85388800
2018-06-08,45.25144958496094,45.32226634650537,44.79586811569759,45.12634153371815,106627200
2018-06-11,45.1404914855957,45.31517230141845,44.899719606624075,45.16882034338992,73234000
2018-06-12,45.38835525512695,45.46625332272547,45.12161371473412,45.17826783713931,67644400
2018-06-13,45.015380859375,45.52997912377757,44.954008274509455,45.42139297928895,86553600
2018-06-14,45.03900146484375,45.22076363989936,44.90209002406459,45.21604156210974,86440400
2018-06-15,44.576332092285156,44.8879243714088,44.439420660720806,44.85723627067669,246876800
2018-06-18,44.552734375,44.66603903499673,44.189210004753974,44.34972824148201,73939600
2018-06-19,43.832763671875,43.98383772878582,43.304002671742296,43.70293356002438,134314000
2018-06-20,44.02396774291992,44.18920443498189,43.84220558070689,43.98856116672441,82514800
2018-06-21,43.77846145629883,44.46065558068301,43.65571269012325,44.20099542182866,102847600
2018-06-22,43.6510009765625,43.941345694470854,43.599068932463176,43.93426437953818,108801600
2018-06-25,43.001861572265625,43.651008635516185,42.661943988297445,43.29220634111752,126652400
2018-06-26,43.53532791137695,44.03104150441041,43.08918711840249,43.195414032544754,98276800
2018-06-27,43.47160720825195,44.20809287033355,43.4409191050352,43.724182544151965,101141200
2018-06-28,43.78792190551758,43.95552146637585,43.386631697381475,43.45744846396793,69460800
2018-06-29,43.695858001708984,44.1868496518272,43.176541087778794,43.97439936756705,90950800
2018-07-02,44.184486389160156,44.21281525459119,43.296926646605975,43.39135019489264,70925200
2018-07-03,43.414955139160156,44.36625036510577,43.3252536651268,44.32848094426118,55819200
2018-07-05,43.76429748535156,44.002713716749085,43.49991883861816,43.73125015450989,66416800
2018-07-06,44.37096405029297,44.47954661231971,43.71709503292668,43.769027076292346,69940800
2018-07-09,44.987060546875,45.010663727390416,44.68491246191905,44.732122424839176,79026400
2018-07-10,44.93277359008789,45.1523015596252,44.892641335763145,45.01775297227096,63756400
2018-07-11,44.3497200012207,44.79822008171447,44.28598456598775,44.49607197660276,75326000
2018-07-12,45.09328079223633,45.18298223699675,44.68726865537942,44.739200691620816,72164400
2018-07-13,45.164093017578125,45.28447894307208,45.06258819256705,45.10507967337524,50055600
2018-07-16,45.064964294433594,45.47569498575742,44.949296809074376,45.208957040742106,60172400
2018-07-17,45.19242477416992,45.29156677447239,44.6613045999065,44.7911346962154,62138000
2018-07-18,44.94456481933594,45.275041732381744,44.833619435899934,45.27031965596837,65573600
2018-07-19,45.2939338684082,45.452089236262694,44.77697627392988,44.77697627392988,81147200
2018-07-20,45.19007110595703,45.42376170622383,44.89028222878679,45.270328411060994,82704800
2018-07-23,45.23019790649414,45.31281804782322,44.74628765418702,45.01066634341688,63957600
2018-07-24,45.558311462402344,45.71410758885159,45.33406142687722,45.42848135702797,74791600
2018-07-25,45.9879264831543,45.99500779721355,45.423755382579955,45.57247018160259,66839600
2018-07-26,45.84394454956055,46.25703810904912,45.70231103126561,45.93836449383051,76304000
2018-07-27,45.08148193359375,46.07526843405152,44.87375736963597,46.02805846960155,96096000
2018-07-30,44.82891082763672,45.369471634547054,44.63062679730287,45.29865488031646,84118000
2018-07-31,44.91860580444336,45.35530609259082,44.69435576534987,44.92096864396287,157492000
2018-08-01,47.56477355957031,47.62614616425708,46.575708957389,47.00532799586654,271742800
2018-08-02,48.95512390136719,49.18881810901228,47.29330923044903,47.34760051436628,249616000
2018-08-03,49.09675598144531,49.27379606036052,48.5042595454664,48.870143095602415,133789600
2018-08-06,49.35169982910156,49.39418772404298,48.87959289745002,49.09912089176076,101701600
2018-08-07,48.8890266418457,49.4531942025148,48.806406499558236,49.41070631349122,102349600
2018-08-08,48.92207336425781,49.054262708746734,48.27764850892958,48.638809968654485,90102000
2018-08-09,49.30684280395508,49.519289455339305,48.91027115897772,49.460276096411505,93970400
2018-08-10,49.15997314453125,49.53187849965724,48.95625509336832,49.11970375953087,98444800
2018-08-13,49.477394104003906,49.97010762312092,49.2002434272234,49.58162245038734,103563600
2018-08-14,49.68585968017578,49.87773298190438,49.33290519218512,49.78298189435421,82992000
2018-08-15,49.801918029785156,49.92035866127431,49.34947395001151,49.560298129481346,115230400
2018-08-16,50.53152084350586,50.64759036765416,50.09328899102739,50.15961546611837,114001600
2018-08-17,51.5406379699707,51.628282901605665,50.493622970722605,50.55994945107156,141708000
2018-08-20,51.03843688964844,51.919631834563056,50.95552700443249,51.66380325945562,121150800
2018-08-21,50.9389533996582,51.44825036575132,50.699704586767986,51.355866802900465,104639200
2018-08-22,50.94132995605469,51.25164391525928,50.65470196077252,50.71629341891963,76072400
2018-08-23,51.0455436706543,51.41507785541182,50.83471949527232,50.84656066657465,75532800
2018-08-24,51.20425796508789,51.379547797668636,50.955531900064415,51.30848630582317,73905600
2018-08-27,51.62590789794922,51.81541364909847,51.244528884025435,51.43876965842527,82100400
2018-08-28,52.04281997680664,52.24179939784103,51.85805285520017,51.87937130434206,91107200
2018-08-29,52.819786071777344,52.94059783620013,51.974121793425,52.14941162490679,109019200
2018-08-30,53.30540084838867,54.070526466879734,52.682401847046464,52.883752406159765,195175200
2018-08-31,53.92129135131836,54.215021849347146,53.535173676561676,53.65598183805528,173360400
2018-09-04,54.094207763671875,54.2884485284002,53.68440417256293,54.106052550251725,109560400
2018-09-05,53.741268157958984,54.404536629269586,53.32199079088694,54.24345905391312,133332000
2018-09-06,52.84822082519531,53.854966375900794,52.42183375140391,53.58965685525176,137160000
2018-09-07,52.421836853027344,53.385941946135596,52.282077741674996,52.55212230196686,150479200
2018-09-10,51.718292236328125,52.55211538527459,51.2776928944184,52.338920056563786,158066000
2018-09-11,53.02587890625,53.13247476524067,51.29901225541865,51.64248940750935,142996000
2018-09-12,52.367347717285156,53.29828943782888,52.07598113256949,53.284077138968904,197114800
2018-09-13,53.63229751586914,54.09184782917725,52.722674165652904,52.947710684106966,166825600
2018-09-14,53.02351760864258,53.734161619670026,52.710836123342126,53.47596182981542,127997200
2018-09-17,51.611690521240234,52.812676640029984,51.46719280683929,52.62317090752562,148780400
2018-09-18,51.69697570800781,52.55211733723163,51.43166619672579,51.59037623243215,126286800
2018-09-19,51.7277717590332,52.023873403694104,51.000547999297495,51.75856748672499,108495200
2018-09-20,52.12098693847656,52.653969810185814,51.91253025867231,52.170733596892184,106435200
2018-09-21,51.55957794189453,52.436037915375984,51.471929414381464,52.29864634544323,384986800
2018-09-24,52.301021575927734,52.412356078089026,51.31559809726625,51.36060612339808,110773600
2018-09-25,52.632659912109375,52.781896297075804,52.042824137047674,52.05466892569171,98217600
2018-09-26,52.213375091552734,53.00219024491804,52.057032567926086,52.350766677662065,95938800
2018-09-27,53.28643798828125,53.63939236210128,52.95243454874563,53.018764626001634,120724800
2018-09-28,53.47358322143555,53.497269181508,53.06614711716459,53.24854310635677,91717600
2018-10-01,53.83364486694336,54.34530936077399,53.618085623251176,53.99709354812719,94403200
2018-10-02,54.312137603759766,54.482692408286546,53.68440368051631,53.83126891210051,99152800
2018-10-03,54.97303771972656,55.30467004984194,54.43057759069054,54.49453654525611,114619200
2018-10-04,54.006568908691406,55.03937152166361,53.708096157284366,54.66746614555223,128168000
2018-10-05,53.13010025024414,54.106053573442246,52.25127273302901,53.99945772125052,134322000
2018-10-08,53.00693893432617,53.250926427529876,52.16127080804974,52.63740461896998,118655600
2018-10-09,53.741268157958984,53.836022862159,52.64687752973604,52.97614244597104,107564000
2018-10-10,51.251644134521484,53.618089896183506,51.178211501360096,53.40726565940441,167962400
2018-10-11,50.7991943359375,51.99544563029046,50.294639622092426,50.81577776199736,212497600
2018-10-12,52.61371994018555,52.79611960266215,51.36535413894788,52.21338985641608,161351600
2018-10-15,51.4885139465332,52.54737353222936,51.46719549932301,52.38866351212896,123164000
2018-10-16,52.6231803894043,52.8221634323742,51.3463903017466,51.860422299164966,116736000
2018-10-17,52.3957633972168,52.73924048111849,51.95753164617331,52.658701724938695,91541600
2018-10-18,51.17110061645508,52.05229936190943,50.45571806191486,51.60696135100703,130325200
2018-10-19,51.950435638427734,52.41235343553008,51.5050976522359,51.654334023038835,132314800
2018-10-22,52.267852783203125,52.909802639899496,51.862787820108274,52.06413473861343,115168400
2018-10-23,52.76057434082031,52.88375363683341,50.858417668263044,51.1260947111794,155071200
2018-10-24,50.95078659057617,53.11588104531041,50.82050118171757,52.72976707026525,163702000
2018-10-25,52.066505432128906,52.44077828370849,51.344016814032926,51.57142443044991,119423200
2018-10-26,51.237422943115234,52.15889100212485,50.37754271730806,51.142668259894265,189033600
2018-10-29,50.27568817138672,52.04045312499331,48.8188660146814,51.92201247556305,183742000
2018-10-30,50.52677917480469,50.97211353591535,49.57214787858827,50.01748223969893,146640000
2018-10-31,51.84383773803711,52.22047811049344,51.313222362929515,51.37481380979864,153435600
2018-11-01,52.63976287841797,52.67292611590215,51.35823417541894,51.888849589687624,233292800
2018-11-02,49.14812469482422,50.60968169125089,48.66251737032402,49.63847065677181,365314800
2018-11-05,47.752899169921875,48.41616751574769,46.94276557852468,48.394849066781845,264654800
2018-11-06,48.2692985534668,48.49433504244027,47.77658506634977,47.83106674768575,127531600
2018-11-07,49.73322677612305,49.759283862951555,48.35457952948075,48.7904402414107,133697600
2018-11-08,49.559715270996094,49.947176633809136,49.146102270184855,49.9138976769945,101450400
2018-11-09,48.60411834716797,48.97018679479443,48.076406695494214,48.86084322856062,137463200
2018-11-12,46.15572738647461,47.50590970224583,46.06539725338494,47.3038566025874,204542000
2018-11-13,45.69457244873047,46.871225412365966,45.50916064244286,45.55194993542723,187531600
2018-11-14,44.40381622314453,46.22941032271207,44.197007977877064,46.091539368244774,243204000
2018-11-15,45.499664306640625,45.6327801336145,44.4275994906457,44.78178552302095,185915200
2018-11-16,46.003597259521484,46.34589712406459,45.036128252088695,45.283342805851085,147713200
2018-11-19,44.18036651611328,45.33087125862077,43.973561915777815,45.164476544147824,167701200
2018-11-20,42.06951904296875,43.136828208737406,41.720088339835705,42.399932689732275,271300800
2018-11-21,42.02198028564453,42.85158172835993,41.96730851284689,42.72321749832553,124496800
2018-11-23,40.95468521118164,41.979209124761006,40.90952376500685,41.58461321042841,94496000
2018-11-26,41.508541107177734,41.58698512821086,40.47213479849216,41.41821459606718,179994000
2018-11-27,41.41822052001953,41.544205400782865,40.61952193278607,40.76927542423755,165549600
2018-11-28,43.0108528137207,43.094048373052914,41.58222651798475,42.0101013122745,184250000
2018-11-29,42.68044662475586,43.45299716317312,42.24068563664933,43.419718208142044,167080000
2018-11-30,42.44985580444336,42.86584441960787,42.08140801987108,42.856334077209695,158126000
2018-12-03,43.93315505981445,43.96167883365335,43.075029801208764,43.847580111164774,163210000
2018-12-04,42.0005989074707,43.355532872545034,41.90076204974247,43.01323300197177,165377200
2018-12-06,41.53230285644531,41.54656474264468,40.51015869560791,40.82868624450314,172393600
2018-12-07,40.051387786865234,41.47763456048138,40.00622272535943,41.23992676487869,169126400
2018-12-10,40.31524658203125,40.431721089169876,38.824817577209345,39.221789190120006,248104000
2018-12-11,40.08466339111328,40.83581720596931,39.69719855590311,40.80491766156773,189126800
2018-12-12,40.19638442993164,40.86671843974817,40.17736737351472,40.505401622091895,142510800
2018-12-13,40.63615417480469,41.02124333876003,40.30336465250625,40.526810600535384,127594400
2018-12-14,39.33589172363281,40.19164138491191,39.28835088181369,40.172624322757514,162814800
2018-12-17,38.96982192993164,40.018114322657276,38.68219386191158,39.32875944469472,177151600
2018-12-18,39.47615051269531,39.823201996322894,39.07679937665217,39.312131490416945,135366000
2018-12-19,38.24480438232422,39.804166830759186,37.816929655099294,39.459491276959305,196189200
2018-12-20,37.27972412109375,38.534821331791626,36.9160313854446,38.128339295230404,259092000
2018-12-21,35.82969284057617,37.595863540799044,35.568216457565846,37.28684269984785,382978400
2018-12-24,34.90263748168945,36.02461861269077,34.8455863026589,35.216409898524326,148676800
2018-12-26,37.360538482666016,37.37480037184857,34.876492432675754,35.252071232061816,234330000
2018-12-27,37.11807632446289,37.26545764599348,35.672815905236284,37.04438747726442,212468400
2018-12-28,37.137088775634766,37.68144167172036,36.73774141053779,37.43897869883537,169165600
2018-12-31,37.496036529541016,37.88112207522634,37.196522325444576,37.68382412991746,140014000
2019-01-02,37.538814544677734,37.75988468009887,36.66167220093753,36.81856021612245,148158800
2019-01-03,33.79967498779297,34.63878328935381,33.754509922344255,34.225170383128884,365248800
2019-01-04,35.242557525634766,35.31149481961843,34.18238275669409,34.35590843708306,234428400
2019-01-07,35.16412353515625,35.378062794844915,34.68157684830646,35.34715961100301,219111200
2019-01-08,35.83445358276367,36.08880268918446,35.30436616393607,35.55158069885025,164101200
2019-01-09,36.44297790527344,36.732981676968095,35.56821504629023,35.96280719075942,180396400
2019-01-10,36.5594596862793,36.59986957627264,35.8605981869204,36.25043882659319,143122800
2019-01-11,36.20051956176758,36.535688433017384,36.01510776642368,36.34076992153444,108092800
2019-01-14,35.656166076660156,35.95805596503972,35.47075430323214,35.858219135281004,129756800
2019-01-15,36.38593673706055,36.462001351236886,35.66805812501693,35.72035413413402,114843600
2019-01-16,36.8304557800293,37.053901744956434,36.36930195915994,36.3883190228914,122278800
2019-01-17,37.049137115478516,37.47701187238664,36.43109539692976,36.65454130482251,119284800
2019-01-18,37.27734375,37.52931347019117,37.07766641559792,37.43898333384579,135004000
2019-01-22,36.440608978271484,37.2559450474709,36.278965777015756,37.17988043233495,121576000
2019-01-23,36.58798599243164,36.87798981327915,36.06027435955394,36.64265777360124,92522400
2019-01-24,36.2979736328125,36.72109314852052,36.06977621813958,36.633142439441635,101766000
2019-01-25,37.500789642333984,37.588744014533056,36.683077673523904,36.95881602681458,134142000
2019-01-28,37.15373229980469,37.160863244101265,36.52618381177193,37.03249899249603,104768400
2019-01-29,36.76864242553711,37.58873727432573,36.633150859519866,37.14184542943609,166348800
2019-01-30,39.281219482421875,39.49515508169959,38.08792514275934,38.80580381546367,244439200
2019-01-31,39.5640869140625,40.17261830328575,39.1171950882309,39.48564290460484,162958400
2019-02-01,39.583106994628906,40.16786619757071,39.4428566249422,39.68769901522233,130672400
2019-02-04,40.707454681396484,40.804915735379105,39.763754565911164,39.79465773598679,125982000
2019-02-05,41.40395736694336,41.617896638167025,40.96895513243758,41.090184847136875,144406400
2019-02-06,41.41822052001953,41.734372421959264,41.08780672624007,41.51567798996915,112958400
2019-02-07,40.63377380371094,41.34689723690451,40.491147666218886,40.980825176670464,126966800
2019-02-08,40.681522369384766,40.741204197762116,40.206453704132734,40.342530021324166,95280000
2019-02-11,40.44756317138672,40.87250110070133,40.40459400749151,40.83430385989045,83973600
2019-02-12,40.796112060546875,40.82237221177081,40.51202596349423,40.60751907825849,89134000
2019-02-13,40.626617431640625,41.17569104838117,40.56454963390793,40.91547911908736,89960800
2019-02-14,40.77461624145508,40.88442873981595,40.43562397349377,40.514404405459885,87342800
2019-02-15,40.68390655517578,40.98947721171357,40.5239596992294,40.88205065386177,98507200
2019-02-19,40.80564880371094,40.92740203763304,40.46188460916623,40.51440489778186,75891200
2019-02-20,41.068260192871094,41.37622047276301,40.819985385123545,40.86773012014925,104457600
2019-02-21,40.8366813659668,41.149413469637985,40.655249973715584,41.013340836121735,68998800
2019-02-22,41.29265594482422,41.29981747146773,40.913080461961876,40.96082518714831,75652800
2019-02-25,41.59346008300781,41.984972743412,41.52661672459904,41.57675106475054,87493600
2019-02-26,41.61732864379883,41.84889440507273,41.34040411487695,41.469318890580624,68280800
2019-02-27,41.746238708496094,41.7772744208693,41.23536246985703,41.34995418814767,111341600
2019-02-28,41.33562088012695,41.75578316128007,41.2807146339085,41.61493496143382,112861600
2019-03-01,41.77011489868164,41.813084063086116,41.273561690323184,41.60539248308564,103544800
2019-03-04,41.98019027709961,42.433770615634195,41.53138186104595,41.94199304111868,109744800
2019-03-05,41.903804779052734,42.016006907094805,41.667463428832036,42.001683851206835,78949600
2019-03-06,41.66270065307617,41.89426648794849,41.524238344607845,41.69850830065828,83241600
2019-03-07,41.18046188354492,41.64359345799312,41.065873792169924,41.507517139799894,99185600
2019-03-08,41.278343200683594,41.316540447448006,40.464282137130546,40.6600402947807,95997600
2019-03-11,42.708316802978516,42.760837105669346,41.86083771700078,41.894259396650405,128044000
2019-03-12,43.18815612792969,43.608314858828265,42.82051405104015,42.970913413648546,129870400
2019-03-13,43.3791389465332,43.75871447631922,43.19054234110201,43.50805008474166,124130000
2019-03-14,43.861358642578125,43.94969020617458,43.582048184337154,43.90194183982453,94318000
2019-03-15,44.431922912597656,44.7207845418945,43.86375442838504,44.12874187114219,156171600
2019-03-18,44.885498046875,44.9738259626951,44.35313366278376,44.35552326657698,104879200
2019-03-19,44.529808044433594,45.11707887203992,44.384184229156126,44.96429352836273,126585600
2019-03-20,44.918922424316406,45.236430119419495,44.100086022694995,44.458176915154105,124140800
2019-03-21,46.57330322265625,46.86932635513335,45.31282350160718,45.36295783215886,204136800
2019-03-22,45.608848571777344,47.19399759999864,45.54439118481218,46.63298702263183,169630800
2019-03-25,45.057395935058594,45.83087012477533,44.54651961316686,45.71866799234534,175381200
2019-03-26,44.59187316894531,46.04572527279197,44.064287847400074,45.75447765967055,199202000
2019-03-27,44.99293518066406,45.3008917993861,44.53457919508104,45.05977853422682,119393600
2019-03-28,45.052616119384766,45.25314617612432,44.768530050992325,45.107522378153796,83121600
2019-03-29,45.34625244140625,45.37728815780185,45.00964605534381,45.31760632946552,94256000
2019-04-01,45.65420913696289,45.759246086742245,44.971448928605234,45.74969859774028,111448000
2019-04-02,46.31787872314453,46.42291933375251,45.608858244230724,45.61840573488142,91062800
2019-04-03,46.635372161865234,46.90990705651993,46.11016927049096,46.13404345380395,93087200
2019-04-04,46.71654510498047,46.87887791765802,46.107789772060734,46.50168835311438,76457200
2019-04-05,47.0292854309082,47.053159621705504,46.77384543159934,46.897984666903184,74106400
2019-04-08,47.76934051513672,47.800372591218704,46.87172341690704,46.8908220405598,103526800
2019-04-09,47.626102447509766,48.42584046197502,47.5616450483043,47.8218606070634,143072800
2019-04-10,47.89346694946289,47.9221167008103,47.310971788819316,47.430335431813845,86781200
2019-04-11,47.49479675292969,47.984188458280926,47.37304713835903,47.94838081949238,83603200
2019-04-12,47.47569274902344,47.77887741292295,46.84068095613037,47.5544731881165,111042800
2019-04-15,47.56163787841797,47.70965127808389,47.27039028762013,47.40646659401936,70146400
2019-04-16,47.56641387939453,48.07251458286473,47.40169146179994,47.616548214497456,102785600
2019-04-17,48.49267578125,48.55235760399355,47.41362740609359,47.635642038208694,115627200
2019-04-18,48.66694641113281,48.73617572376677,48.34705271069138,48.490286901803195,96783200
2019-04-22,48.826900482177734,48.92477956166057,48.30408704698256,48.42106474997594,77758000
2019-04-23,49.53113555908203,49.59559294531774,48.676491450506916,48.80301661883193,93292000
2019-04-24,49.45475387573242,49.769872052792415,49.42849372408659,49.50249861253667,70162400
2019-04-25,49.00593948364258,49.59798216323231,48.96774224168466,49.37596752439472,74172800
2019-04-26,48.7719841003418,48.93909246803627,48.251556735019896,48.9152182829274,74596400
2019-04-29,48.84599304199219,49.17066231598747,48.66694756683353,48.795858706164374,88818800
2019-04-30,47.9054069519043,48.55713146228483,47.53299294597256,48.475965054364224,186139600
2019-05-01,50.256874084472656,51.400376291203976,49.94891381611676,50.10408875249977,259309200
2019-05-02,49.929813385009766,50.765358935797714,49.68631416151659,50.09453580499543,127985200
2019-05-03,50.550498962402344,50.57198354226143,50.187632495352126,50.345193366363425,83569600
2019-05-06,49.76987075805664,49.855812739144525,48.58100972191574,48.76960270232786,129772400
2019-05-07,48.42822265625,49.51681861609969,47.943606504322965,49.149180158416655,155054800
2019-05-08,48.43776321411133,49.02025835484054,48.16322830168545,48.19903593628389,105358000
2019-05-09,47.91734313964844,48.146519303878975,46.948110900817596,47.84094865644529,139634400
2019-05-10,47.2535285949707,47.65374175144033,46.196689560280035,47.31104511214,164834800
2019-05-13,44.50716781616211,45.40823773541505,43.81938322929667,44.98406587699124,229722400
2019-05-14,45.211734771728516,45.46096566171211,44.432883212543324,44.67252984613877,146118800
2019-05-15,45.753334045410156,45.95224118661462,44.579067024058446,44.63897868140736,106178800
2019-05-16,45.552024841308594,46.12478005237358,45.25486174953752,45.51128535930009,132125600
2019-05-17,45.29322052001953,45.748547729226715,44.75641066410453,44.79715015909945,131516400
2019-05-20,43.87689208984375,44.17884912531416,43.20348577536874,43.979942022228364,154449200
2019-05-21,44.71806716918945,45.05357102262831,44.262736331845005,44.387353616001334,113459200
2019-05-22,43.8026237487793,44.50479048472447,43.74750603138952,44.253160717143864,118994400
2019-05-23,43.05491638183594,43.265802939260645,42.611568633482584,43.08846676529334,146118800
2019-05-24,42.889556884765625,43.64923624926381,42.80567910310189,43.18432121043186,94858800
2019-05-28,42.712223052978516,43.27778931506044,42.63553802351406,42.87757983293096,111792800
2019-05-29,42.50851821899414,42.98062234841405,42.17780471640916,42.27845585703999,113924800
2019-05-30,42.729000091552734,42.95186972951379,42.338374866679864,42.64512229809682,84873600
2019-05-31,41.9549446105957,42.65471245383492,41.935772438034874,42.2329319709327,108174400
2019-06-03,41.530765533447266,42.637931895817616,40.804636470241036,42.08195356453021,161584400
2019-06-04,43.05012512207031,43.095658571768766,41.8231354139418,42.043609898576285,123872000
2019-06-05,43.745086669921875,44.33222373730935,43.409582908600534,44.16207305046419,119093600
2019-06-06,44.38734817504883,44.447259831298844,43.65163128107434,43.87450454381739,90105200
2019-06-07,45.568809509277344,45.992985108074826,44.51915965791637,44.696495840463484,122737600
2019-06-10,46.151145935058594,46.8197583874518,45.92108357381099,45.966617016110206,104883600
2019-06-11,46.68556594848633,46.970746063230806,46.395595533306974,46.6975490130093,107731600
2019-06-12,46.536983489990234,46.96355423391582,46.34526543888805,46.47946697764428,73012800
2019-06-13,46.52739715576172,47.16006418617446,46.395594419327324,46.659203548913915,86698400
2019-06-14,46.18949508666992,46.393192538300454,45.604756695226875,45.90431499766962,75046000
2019-06-17,46.46508026123047,46.72150388470995,46.05288780663783,46.22782880502471,58676400
2019-06-18,47.5578727722168,47.998821691765386,46.78142003490676,46.982722325563635,106204000
2019-06-19,47.41887283325195,47.90056485236439,47.284671318756736,47.8526326057158,84496800
2019-06-20,47.79991912841797,48.07551129426495,47.457222541008775,48.0179947858048,86056000
2019-06-21,47.636962890625,48.133033233178,47.48598432433185,47.6417568477169,191202400
2019-06-24,47.58903121948242,47.967673357520425,47.49077521738597,47.57944330591722,72881600
2019-06-25,46.86769485473633,47.751987879310825,46.80059043176467,47.55308073051549,84281200
2019-06-26,47.88139724731445,48.16657732114802,47.29426373709572,47.394914882557444,104270000
2019-06-27,47.86702346801758,48.30557727889453,47.82628397608489,47.99882620091607,83598800
2019-06-28,47.43086242675781,47.80950455578012,47.22237102064913,47.612992556266285,124442400
2019-07-01,48.30078125,49.005342959981036,48.08509707895737,48.689007638472184,109012000
2019-07-02,48.583560943603516,48.67942179095116,48.25524622614172,48.26722928914985,67740800
2019-07-03,48.986175537109375,48.9933646445024,48.57398298189236,48.71537363624573,45448000
2019-07-05,48.94303894042969,49.14674007490686,48.6243084269404,48.73215235502716,69062000
2019-07-08,47.934120178222656,48.26483004258469,47.54828895586912,48.123439407842795,101354400
2019-07-09,48.22648620605469,48.29118815938511,47.644143029060785,47.73760506281078,82312000
2019-07-10,48.70338821411133,48.82321154048537,48.303178742828166,48.37267831988703,71588400
2019-07-11,48.348716735839844,48.98138381228545,48.339132477784965,48.72256496418706,80767200
2019-07-12,48.72016525268555,48.887917178326454,48.45655247188003,48.51646413508877,70380800
2019-07-15,49.177886962890625,49.336050960909304,48.8879129292078,48.90948024847616,67789600
2019-07-16,49.00773239135742,49.393563584814785,48.76808577819675,49.02929970892977,67467200
2019-07-17,48.73214340209961,49.14912619568089,48.712971233000175,48.89989531082296,56430000
2019-07-18,49.285728454589844,49.33845100749355,48.816019435097935,48.88791415785004,74162400
2019-07-19,48.55000686645508,49.48702600893368,48.494889168873144,49.31687530328883,83717200
2019-07-22,49.659576416015625,49.66197156596754,48.79445191010135,48.804036166626496,89111600
2019-07-23,50.047794342041016,50.06457135902232,49.67634138607371,49.95673112192649,73420800
2019-07-24,50.0070686340332,50.12209800817282,49.64759864021876,49.76742197149024,59966400
2019-07-25,49.611637115478516,50.143652827411785,49.542137557976254,50.05977505986539,55638400
2019-07-26,49.78420639038086,50.261100979402265,49.64041690880268,49.72189590856172,70475600
2019-07-29,50.24911117553711,50.47917358387077,49.95195164997363,49.956745607175016,86693600
2019-07-30,50.03343200683594,50.364145585133684,49.68115110561913,50.02863804950347,135742800
2019-07-31,51.0543212890625,53.05057834512591,50.63733845360822,51.86432814544622,277125600
2019-08-01,49.94953536987305,52.250144021548486,49.544535717620136,51.260402466969616,216071600
2019-08-02,48.8927116394043,49.47025729958617,48.31995627949175,49.25457677249791,163448400
2019-08-05,46.33327865600586,47.6058016786869,46.151148533272625,47.44763768168687,209572000
2019-08-06,47.21038818359375,47.46681184418083,46.5010325186815,47.04503141655611,143299200
2019-08-07,47.699256896972656,47.82387415087288,46.44830502903327,46.82934223936549,133457600
2019-08-08,48.751319885253906,48.775286014725964,47.78314895610071,47.977262171983355,108038000
2019-08-09,48.34958267211914,48.77536618277326,47.94063258255727,48.42415480097006,98478800
2019-08-12,48.22689437866211,48.604570850192594,47.906952942126594,48.020015091526766,89927600
2019-08-13,50.26922607421875,51.03179177110684,48.22689462466071,48.35679753640936,188874000
2019-08-14,48.77295684814453,49.66061322222224,48.734466827391856,48.87158614984437,146189600
2019-08-15,48.53001022338867,49.34790322459332,48.03205506391868,48.94376889570016,108909600
2019-08-16,49.67505645751953,49.83382507339097,49.03517349339124,49.141019237305535,110481600
2019-08-19,50.60120391845703,51.17372750673664,50.52422385951554,50.66615171375127,97654400
2019-08-20,50.60360336303711,51.322870579192134,50.59398269188871,50.728694111631654,107537200
2019-08-21,51.15206527709961,51.39502664415885,50.901887490170026,51.2362617364008,86141600
2019-08-22,51.108768463134766,51.585070543521475,50.69741416374821,51.28437413685631,89014800
2019-08-23,48.74650955200195,51.01015362415457,48.35199590142177,50.37989128106551,187272000
2019-08-26,49.67264938354492,49.841038661740455,49.32865073537815,49.521097197863455,104174400
2019-08-27,49.11215591430664,50.16820181272342,48.960603712717386,50.00221676728974,103493200
2019-08-28,49.44171905517578,49.48742550865508,48.910089719870605,49.09772403475613,63755200
2019-08-29,50.27885437011719,50.35343017848864,49.71354720510862,50.156171530957906,83962000
2019-08-30,50.213905334472656,50.625256042475115,49.84344523456853,50.55549607776158,84573600
2019-09-03,49.48261260986328,49.790525515438006,49.12658900103214,49.65821832852433,80092000
2019-09-04,50.322147369384766,50.391907323066086,49.87230670410968,50.1297009283662,76752400
2019-09-05,51.3060188293457,51.47200381834468,50.880231727645295,50.99810602998329,95654800
2019-09-06,51.30122375488281,51.58027096935908,51.12080586682492,51.49126598584614,77449200
2019-09-09,51.52013397216797,52.06619983215983,50.77440887062121,51.681306852217865,109237600
2019-09-10,52.12873458862305,52.14797960143516,50.92835673818088,51.445553151541986,127111600
2019-09-11,53.786170959472656,53.81504031277517,52.376505948455474,52.45829816710009,177158400
2019-09-12,53.665897369384766,54.46695317394256,53.610570248885764,54.07725173898349,128906800
2019-09-13,52.62188720703125,53.112622277230024,52.20572428111945,52.92258370535714,159053200
2019-09-16,52.89852523803711,52.95385603523136,52.33562228773011,52.37651657004013,84632400
2019-09-17,53.09096145629883,53.11983080987123,52.71088072465714,52.91295151722097,73274800
2019-09-18,53.588924407958984,53.60816942297296,52.78786855223211,53.17757001208415,101360000
2019-09-19,53.15351486206055,53.82707201378475,53.011583339522566,53.40609695865153,88242400
2019-09-20,52.37650680541992,53.53839827071438,52.313963268360816,53.254542597972154,221652400
2019-09-23,52.61465835571289,52.88408117997222,52.357260452056735,52.66998547056386,76662000
2019-09-24,52.36448669433594,53.52156984690006,52.24661602191957,53.170354738877656,124763200
2019-09-25,53.170352935791016,53.283415103474375,52.234585657096204,52.573772160146284,87613600
2019-09-26,52.89612579345703,53.14871160301391,52.64113573317341,52.922587233898454,75334000
2019-09-27,52.63871765136719,53.153509808735585,52.26825758252748,53.052472574971425,101408000
2019-09-30,53.87759017944336,54.0243302013865,53.112616462729726,53.13907789851,103909600
2019-10-01,54.026737213134766,54.89996096790545,53.93292005795694,54.14220730459312,139223200
2019-10-02,52.672401428222656,53.7837744184826,52.424624157363944,53.65868365787057,138449200
2019-10-03,53.11983871459961,53.15351657327003,51.751067761117135,52.54490352557878,114426000
2019-10-04,54.60887908935547,54.72434916797866,53.85834193135936,54.27931695765273,138478800
2019-10-07,54.620906829833984,55.31130468759633,54.3274268081445,54.430868293138765,122306000
2019-10-08,53.98101806640625,54.86145803601952,53.96418097616012,54.322612418375925,111820000
2019-10-09,54.61368942260742,54.79651153502603,54.27931513122723,54.61368942260742,74770400
2019-10-10,55.349796295166016,55.433992769762874,54.67864343102517,54.830191946444145,113013600
2019-10-11,56.822017669677734,57.166012702831345,55.88384238990944,56.03779885065853,166795600
2019-10-14,56.74021911621094,57.28388067537885,56.451551243265854,56.50687836518263,96427600
2019-10-15,56.607913970947266,57.16840893665815,56.502068230785376,56.8653082294218,87360000
2019-10-16,56.3793830871582,56.588670322294504,56.097931637089864,56.13882591575506,73903200
2019-10-17,56.598289489746094,56.80757304870868,56.17491020074965,56.552583041096554,67585200
2019-10-18,56.87012481689453,57.15157628203032,56.36014109020242,56.43230897960908,97433600
2019-10-21,57.85639572143555,57.97186579008106,57.08902153741359,57.137132230710584,87247200
2019-10-22,57.724098205566406,58.26294389922715,57.64230598082633,58.01276606582909,82293600
2019-10-23,58.498687744140625,58.51312425689027,58.027197771424554,58.238889244421685,75828800
2019-10-24,58.594913482666016,58.88839351156194,58.16912628162669,58.818629879608615,69275200
2019-10-25,59.31658935546875,59.352671463902205,58.426528531534856,58.4938842476848,73477200
2019-10-28,59.910762786865234,59.958873485830956,59.350264150917546,59.51865343260309,96572800
2019-10-29,58.52515411376953,60.07915509588314,58.35195632288788,59.89152079103439,142839600
2019-10-30,58.51792526245117,59.00866385598158,58.02478608968632,58.878760952148646,124522000
2019-10-31,59.840999603271484,59.93962892278996,57.07459217991583,59.47535535189402,139162000
2019-11-01,61.539337158203125,61.565794923188214,59.93722552071114,60.02863474954351,151125200
2019-11-04,61.94346618652344,62.027662657351385,61.43348620261237,61.902568240845305,103272000
2019-11-05,61.854469299316406,62.109459324596685,61.65961856945548,61.83522061369756,79897600
2019-11-06,61.880924224853516,61.94106351751216,61.43108349036237,61.76786206100636,75864400
2019-11-07,62.59510803222656,62.81708830253441,62.27661748219188,62.428624670311265,94940400
2019-11-08,62.766422271728516,62.83880314137399,61.97261103939182,62.41656422082973,69986400
2019-11-11,63.26346206665039,63.32860485433019,62.317643572216376,62.32246650947536,81821200
2019-11-12,63.205543518066406,63.405809524342615,62.9546182676112,63.1066180899349,87388800
2019-11-13,63.811153411865234,63.88594942531639,62.99080505051398,63.00528122322957,102734400
2019-11-14,63.36961364746094,63.91007704911143,63.23932073339819,63.63743019848044,89182800
2019-11-15,64.12240600585938,64.12722894235556,63.45888775617379,63.62054080630693,100206400
2019-11-18,64.44573211669922,64.52535108245131,63.75326138561724,64.132064464607,86703200
2019-11-19,64.25028228759766,64.66286792796207,64.03313233810385,64.63873851951571,76167200
2019-11-20,63.5023193359375,64.19961290123727,62.829147817543415,64.06932734020269,106234400
2019-11-21,63.21763610839844,63.700195047005,63.01737002544828,63.62298384964434,121395200
2019-11-22,63.16212463378906,63.49991434036952,62.93532139581433,63.35756036985573,65325200
2019-11-25,64.26958465576172,64.28647597885696,63.34065760793023,63.38650127732471,84020400
2019-11-26,63.76772689819336,64.46019751348283,63.33583476323734,64.40711575743649,105207600
2019-11-27,64.62427520751953,64.65805785871959,64.01383860498274,64.07898139381598,65235600
2019-11-29,64.48190307617188,64.66286257965973,64.15617449724154,64.32507297913462,46617600
2019-12-02,63.73636245727539,64.72319424644424,63.56505615770284,64.48673780121864,94487200
2019-12-03,62.599937438964844,62.61923654932985,61.83749372245772,62.324875414243316,114430400
2019-12-04,63.15245819091797,63.53126855846393,62.896702654892984,62.99080514094122,67181600
2019-12-05,64.07896423339844,64.15376760341428,63.39132400118668,63.647079513946814,74424400
2019-12-06,65.31674194335938,65.38671502853519,64.49397833560806,64.53741422211255,106075600
2019-12-09,64.40229034423828,65.33844808074191,63.917316471885385,65.14542753704795,128042400
2019-12-10,64.77867889404297,65.16231215536672,64.14652084747135,64.80763123629215,90420400
2019-12-11,65.33121490478516,65.41084122340847,64.78351336435996,64.85830938290775,78756800
2019-12-12,65.49767303466797,65.76308172240134,64.49878061771078,64.60976702775947,137310400
2019-12-13,66.38802337646484,66.4242138126888,65.36982404554227,65.49770182904206,133587600
2019-12-16,67.5244369506836,67.74883234755957,66.82955859141919,66.83438152775894,128186000
2019-12-17,67.65715026855469,67.98528668341874,67.26868664682006,67.45447647762181,114158400
2019-12-18,67.49549865722656,68.01666305761623,67.34590660367515,67.50997483252102,116028400
2019-12-19,67.56307220458984,67.84295726371273,67.30490877668981,67.4376095352995,98369200
2019-12-20,67.42310333251953,68.19760799785504,67.21077632268339,68.09627479250878,275978000
2019-12-23,68.52335357666016,68.58367343016074,67.64750812570958,67.68611371554155,98572000
2019-12-24,68.58848571777344,68.73808511636746,68.26276445005648,68.68982629575491,48478800
2019-12-26,69.94930267333984,69.96619399633411,68.69223922394772,68.72119157007391,93121200
2019-12-27,69.92274475097656,70.92888276615108,69.51739725615167,70.24123522402208,146266000
2019-12-30,70.33777618408203,70.62007635461508,68.8177187333269,69.84074115157411,144114400
2019-12-31,70.8516845703125,70.8589226567842,69.85519960755771,69.9541250315122,100805600
2020-01-02,72.46827697753906,72.52859683396065,71.223274257406,71.47661470907116,135480400
2020-01-03,71.76370239257812,72.52373073569198,71.53931440462966,71.69614448126268,146322800
2020-01-06,72.33553314208984,72.37413871472036,70.6345169765996,70.88544951706788,118387200
2020-01-07,71.995361328125,72.60096759515153,71.7757961977681,72.34521202863968,108872000
2020-01-08,73.15350341796875,73.4551026743299,71.69858889981313,71.69858889981313,132079200
2020-01-09,74.70735168457031,74.90037228480348,73.87976500025633,74.13069030790666,170108400
2020-01-10,74.87622833251953,75.44082857328132,74.37437045138542,74.94137847897954,140644800
2020-01-13,76.47593688964844,76.50248145960073,75.07410379210117,75.19233573654611,121532000
2020-01-14,75.4432373046875,76.62309704687446,75.3201898237738,76.41318515734736,161954400
2020-01-15,75.11991882324219,76.12364189473249,74.6880266854858,75.2429736592525,121923600
2020-01-16,76.0609130859375,76.17190690767254,75.30088447470833,75.66280356227105,108829200
2020-01-17,76.9029769897461,76.90538477645106,76.00300228022495,76.30942443229468,137816400
2020-01-21,76.3818130493164,76.97294309653658,76.24428203921465,76.53140508279039,110843200
2020-01-22,76.65446472167969,77.20698922015548,76.56036222573736,76.8667843985574,101832400
2020-01-23,77.02362060546875,77.1032395625604,76.15983628507468,76.70754520066748,104472000
2020-01-24,76.80164337158203,78.01286327957854,76.61103058846822,77.26972598534742,146537600
2020-01-27,74.54327392578125,75.22367624090043,73.56126499598109,74.81109052667422,161940000
2020-01-28,76.65205383300781,76.8233601467646,75.32501712161712,75.42394256005781,162234000
2020-01-29,78.25655364990234,79.103446634538,77.54236874294361,78.28309821074268,216229200
2020-01-30,78.14315795898438,78.19623972141919,76.9078086113338,77.33970079826872,126743200
2020-01-31,74.67839813232422,77.85604407632879,74.38403693557139,77.43380507723946,199588400
2020-02-03,74.4732894897461,75.63866557981345,72.91944979414838,73.42130763220082,173788400
2020-02-04,76.93193817138672,77.12255095912198,75.67245940871321,76.07780703357612,136616400
2020-02-05,77.55924224853516,78.35787622812788,76.95604393384211,78.05868485702287,118826800
2020-02-06,78.46646118164062,78.4688763315637,77.27213272836197,77.82948747921107,105425600
2020-02-07,77.39991760253906,78.21495789684333,76.90895819607671,77.96585056017996,117684000
2020-02-10,77.76750946044922,77.76750946044922,75.90525344548281,75.9850613598187,109348800
2020-02-11,77.29832458496094,78.33587187126635,77.08065923180118,78.26331921379253,94323200
2020-02-12,79.13396453857422,79.13879892072599,77.74815014590597,77.74815014590597,113730400
2020-02-13,78.57047271728516,78.89697445434517,78.20286026576835,78.4060150979807,94747600
2020-02-14,78.58982849121094,78.83893581347662,78.08193769783979,78.53903424535652,80113600
2020-02-18,77.15081024169922,77.33219929399161,76.08907611285946,76.27046516515186,152531200
2020-02-19,78.26814270019531,78.49790505143669,77.39263964512776,77.39263964512776,93984000
2020-02-20,77.46519470214844,78.51725240619737,76.95972489443142,78.02871401030635,100566000
2020-02-21,75.7117919921875,77.50150331952075,75.09507212989016,77.05890987230417,129554000
2020-02-24,72.11543273925781,73.56654484289926,69.950861613102,71.8929330165793,222195200
2020-02-25,69.67272186279297,73.16748626275555,69.20111488480276,72.7853633450679,230673600
2020-02-26,70.77798461914062,72.04287320574078,69.29059633111234,69.2978515957081,198054800
2020-02-27,66.15135955810547,69.16967532004576,66.01592302206369,67.98460193931137,320605600
2020-02-28,66.11266326904297,67.3340203730767,62.00359989656375,62.21885173263986,426510000
2020-03-02,72.26779174804688,72.90386365568166,67.16713422063305,68.26997869246647,341397200
2020-03-03,69.9726333618164,73.52301950606079,69.12130946491573,73.44321158109558,319475600
2020-03-04,73.21826934814453,73.37789254779408,70.89407525882817,71.69460475808327,219178400
2020-03-05,70.84329986572266,72.44677262458974,70.4781009386349,71.47210923904862,187572800
2020-03-06,69.90248107910156,70.33539821217181,68.01603849038064,68.2022618674925,226176800
2020-03-09,64.37376403808594,67.25663636962582,63.60708978441408,63.788478823723246,286744800
2020-03-10,69.01006317138672,69.27610190295883,65.14768563149643,67.02688078666671,285290000
2020-03-11,66.61329650878906,68.01362169576068,65.74988307252373,67.08733175658426,255598800
2020-03-12,60.03493118286133,65.30005115563984,59.97930624666177,61.8996120451793,418474000
2020-03-13,67.22761535644531,67.69922981131083,61.176475967090425,64.06419375596272,370732000
2020-03-16,58.5789794921875,62.65901820555978,58.044484903274174,58.51609560503949,322423600
2020-03-17,61.15468978881836,62.303482965474245,57.65750864986293,59.86078026244391,324056000
2020-03-18,59.657630920410156,60.46299850331859,57.34794363950967,57.98885363786599,300233600
2020-03-19,59.20053482055664,61.149861434253346,58.67571640074359,59.83176871542281,271857200
2020-03-20,55.44215774536133,60.905593927619734,55.142259915533515,59.780979833542105,401693200
2020-03-23,54.26433563232422,55.263185639015276,51.420157253571155,55.16160823517076,336752800
2020-03-24,59.70841979980469,59.904319319039914,56.66592135701882,57.164135860349994,287531200
2020-03-25,59.37950897216797,62.45828415286656,59.08444921259577,60.644394003218935,303602000
2020-03-26,62.50423812866211,62.56228025300905,59.58266521460016,59.62136242441082,252087200
2020-03-27,59.91641616821289,61.882670430565696,59.74953769675213,61.12809336695391,204216800
2020-03-30,61.62631607055664,61.798032638117675,60.317895683529414,60.64198021312565,167976400
2020-03-31,61.50054931640625,63.48373516730324,60.94670980739506,61.81737856650545,197002000
2020-04-01,58.26457214355469,60.15343586559381,57.83407583491139,59.6165240756465,176218400
2020-04-02,59.23680877685547,59.290016512254034,57.29473750591379,58.12670897901646,165934000
2020-04-03,58.385494232177734,59.423037724427395,57.79537474123642,58.721668376231186,129880000
2020-04-06,63.47889709472656,63.63367854249636,60.31305518274137,60.68066757934002,201820400
2020-04-07,62.7436637878418,65.71119260823201,62.6396691972311,65.49351989948178,202887200
2020-04-08,64.34956359863281,64.66396824725281,63.17900080091498,63.544192303076315,168895200
2020-04-09,64.81391143798828,65.31696770263731,64.01822371729881,64.98563166236876,161834800
2020-04-13,66.0860595703125,66.19489592354667,64.29151446730144,64.89131008954301,131022800
2020-04-14,69.42361450195312,69.71383985781922,67.24694647516952,67.71856083326759,194994800
2020-04-15,68.78995513916016,69.24947241325025,67.87092059097999,68.29899592755704,131154400
2020-04-16,69.3365478515625,69.70174671960459,68.28691109689659,69.50342631571836,157125200
2020-04-17,68.395751953125,69.39944379426973,66.95915028721262,68.85285583806908,215250000
2020-04-20,66.97607421875,68.12487124671051,66.95672930580358,67.22276798842614,130015200
2020-04-21,64.90581512451172,67.05346190215134,64.19476970811112,66.81886518475746,180991600
2020-04-22,66.77535247802734,67.21068321571147,65.83213095921919,66.17313585465308,116862400
2020-04-23,66.51656341552734,68.14180934991,66.47786620509702,66.7197182347329,124814400
2020-04-24,68.4368667602539,68.44654290771221,66.99300989791057,67.04138325446418,126161200
2020-04-27,68.48523712158203,68.81657319534303,67.70647335185146,68.1538936670834,117087600
2020-04-28,67.37513732910156,69.1285646001926,67.28323975471295,68.94717557214871,112004800
2020-04-29,69.58809661865234,70.05729021048596,68.65938558409466,68.86254043095987,137280800
2020-04-30,71.05611419677734,71.23266881272234,69.73802523358442,70.1274034083595,183064000
2020-05-01,69.91216278076172,72.31375148512824,69.13339900800005,69.23013833651491,240616800
2020-05-04,70.90133666992188,71.02951794095532,69.24706979478302,69.93634950460861,133568000
2020-05-05,71.96549224853516,72.79746385447393,71.21574945029819,71.36086215007607,147751200
2020-05-06,72.70796966552734,73.33919985774601,72.28230777359485,72.66685157702763,142333600
2020-05-07,73.46012878417969,73.80598277550787,73.03205337405477,73.33436839325711,115215200
2020-05-08,75.2085952758789,75.26194703967974,73.792357201285,74.11974268821213,133838400
2020-05-11,76.39202880859375,76.88673708897407,74.50774723825187,74.71630682370795,145946400
2020-05-12,75.51901245117188,77.52696763422976,75.39775910098548,77.07590132316346,162301200
2020-05-13,74.60719299316406,76.62000326531418,73.53046253450013,75.69847326337334,200622400
2020-05-14,75.06552124023438,75.12614791139806,73.12304032792042,73.84571291244961,158929200
2020-05-15,74.62174987792969,74.66782675243014,72.80294925518106,72.83690375248399,166348400
2020-05-18,76.3799057006836,76.75336807886046,75.25467849728416,75.94582405017557,135178400
2020-05-19,75.93855285644531,77.24323270759544,75.90702580080492,76.39688667871405,101729600
2020-05-20,77.41542053222656,77.48574215036817,76.75822201252429,76.79702397462873,111504800
2020-05-21,76.8382339477539,77.81796289124716,76.60057476521234,77.27717039456796,102688800
2020-05-22,77.33295440673828,77.41540578523484,76.47447873541405,76.57632739090906,81803200
2020-05-26,76.80915069580078,78.6303710026143,76.75337148985957,78.45091841064635,125522000
2020-05-27,77.14380645751953,77.28931196459057,75.92642542981746,76.66607534046294,112945200
2020-05-28,77.1777572631836,78.43636762804827,76.54239089339562,76.81884468298037,133560800
2020-05-29,77.10257720947266,77.88102160812149,76.74609208099886,77.42026037966232,153532400
2020-06-01,78.05078125,78.1720345974753,76.92554663308496,77.05650232055906,80791200
2020-06-02,78.41212463378906,78.43637678676062,77.34266907399055,77.78403309563147,87642800
2020-06-03,78.84378051757812,79.10569190926654,78.15990981793529,78.73222950297175,104491200
2020-06-04,78.16474914550781,78.96501817057388,77.79128681347618,78.66673971249166,87560400
2020-06-05,80.39097595214844,80.45160263084539,78.38544808511186,78.41454770677157,137250400
2020-06-08,80.86627960205078,80.90023409134206,79.37729235859877,80.08783519139197,95654400
2020-06-09,83.41985321044922,83.8127127665815,80.5146285221196,80.54615556810563,147712400
2020-06-10,85.56607055664062,86.03410675203712,83.92915018975505,84.36808676274399,166651600
2020-06-11,81.45800018310547,85.13440269433788,81.35615151209016,84.71001596343379,201662400
2020-06-12,82.16127014160156,84.34383052506377,81.05059266944424,83.59691311681682,200146000
2020-06-15,83.17735290527344,83.8296963810466,80.65285780920145,80.81534051982473,138808800
2020-06-16,85.38175201416016,85.65336572310193,83.59690633112962,85.2313990507297,165428800
2020-06-17,85.26294708251953,86.18689720512403,85.14169370789197,86.12627051781024,114406400
2020-06-18,85.29689025878906,85.71400210817573,84.68819603071728,85.21928633315488,96820400
2020-06-19,84.80944061279297,86.4681854978016,83.70118325430472,86.0025767936151,264476000
2020-06-22,87.02838134765625,87.17145941767127,85.15622926088085,85.20230612758097,135445200
2020-06-23,88.88597106933594,90.30463659467983,87.85289026819137,88.27242947914962,212155600
2020-06-24,87.31695556640625,89.43404157028371,86.94349320290961,88.51493917080266,192623200
2020-06-25,88.47615051269531,88.51495247583935,86.71312932901027,87.47217654394532,137522400
2020-06-26,85.75764465332031,88.59254854021978,85.60971171941675,88.37186655732566,205256800
2020-06-29,87.73406982421875,87.82865098546023,85.18774958467372,85.66548805897895,130646000
2020-06-30,88.4664535522461,88.75261712274803,87.30242419000004,87.32182147239291,140223200
2020-07-01,88.29911804199219,89.08726487998509,88.25062113854636,88.54405219679813,110737200
2020-07-02,88.29911804199219,89.84146462563768,88.18514698857149,89.20609820497056,114041600
2020-07-06,90.66112518310547,91.12916130648333,89.69594591770318,89.72747297069945,118655600
2020-07-07,90.37980651855469,91.81786921726585,90.26825552862256,91.03942492110637,112424400
2020-07-08,92.48477935791016,92.51630641314865,91.26981841791165,91.35712467862727,117092000
2020-07-09,92.88248443603516,93.430544491857,91.83485381849374,93.3771927270549,125642800
2020-07-10,93.04495239257812,93.10315902275178,91.86637359176252,92.47748770321701,90257200
2020-07-13,92.61573028564453,96.95902596441493,92.40232321566707,94.34965162813619,191649200
2020-07-14,94.14836883544922,94.33994377964609,91.0636836420722,91.99732841763048,170989200
2020-07-15,94.79586791992188,96.27273284060122,93.5978842251878,96.02295123465481,153198000
2020-07-16,93.62940979003906,94.4854581347257,93.03041795220673,93.66821174965895,110577600
2020-07-17,93.44025421142578,94.23567587629981,92.96736319511449,94.08047543961847,92186800
2020-07-20,95.40940856933594,95.54763916358735,93.18319885433614,93.527561622358,90318000
2020-07-21,94.09259033203125,96.2751504170526,93.84280875166303,96.19997393951473,103433200
2020-07-22,94.35690307617188,95.03834610934166,93.7069870887818,93.79428592258868,89001600
2020-07-23,90.06214141845703,94.1677781639269,89.25216991066098,94.09017424204148,197004400
2020-07-24,89.83902740478516,90.1833901651154,86.47303332227233,88.26031386604993,185438800
2020-07-27,91.96823120117188,92.06038492393321,90.67810128466274,90.90120328645872,121214000
2020-07-28,90.4574203491211,91.71603062810593,90.45256547899412,91.53899808495447,103625600
2020-07-29,92.19135284423828,92.37566031423209,90.90364279107482,90.94001731785845,90329200
2020-07-30,93.30686950683594,93.41114559964625,90.9569792625978,91.36438869547271,158130000
2020-07-31,103.07505798339844,103.22541096516197,97.80295687640107,99.80121727475651,374336800
2020-08-03,105.67229461669922,108.2913640186851,104.6586183859917,104.95689689079155,308151200
2020-08-04,106.37797546386719,107.46925546567044,105.13876254678041,105.86143507889906,173071600
2020-08-05,106.76355743408203,107.08366800256047,105.63347550648942,106.09909155161407,121776800
2020-08-06,110.48846435546875,110.98318005233068,106.506508834704,107.095798287908,202428800
2020-08-07,107.9764175415039,110.46659247547346,107.17956185919601,110.00985676474956,198045600
2020-08-10,109.54586029052734,110.56379606115887,106.8953408360196,109.42195650024055,212403600
2020-08-11,106.28797912597656,109.30777067354109,106.02802731765381,108.80973853697522,187902400
2020-08-12,109.82037353515625,110.07789350159867,107.18443047564186,107.37878264931382,165598000
2020-08-13,111.76394653320312,112.76730632002796,110.71199498653695,111.20031474091456,210082000
2020-08-14,111.66431427001953,111.75420233347295,109.8543791144295,111.58900224852829,165565200
2020-08-17,111.37279510498047,112.81102657552061,110.74600296555394,112.78673069729702,119561600
2020-08-18,112.30082702636719,112.7259788863913,110.78971554731912,111.12497934318773,105633600
2020-08-19,112.44173431396484,113.8556697465018,112.34699003787868,112.70897411610314,145538000
2020-08-20,114.93678283691406,115.05096678859472,112.46603963312674,112.48304748879555,126907200
2020-08-21,120.85975646972656,121.34321254794537,115.88426180533297,115.89640603696287,338054800
2020-08-24,122.30526733398438,125.15014624205317,120.4394596328143,125.06510696520752,345937600
2020-08-25,121.3019027709961,121.64688641801345,119.57943117585931,121.1780064067377,211495600
2020-08-26,122.95149230957031,123.4082280829776,121.55213290407741,122.61866031262531,163022400
2020-08-27,121.481689453125,123.88683296878132,120.33741816118453,123.55400095827326,155552400
2020-08-28,121.28491973876953,122.87376795038361,121.06140802616056,122.45590402911932,187630000
2020-08-31,125.39795684814453,127.30264415530053,122.44376460738829,123.97917232390338,225702700
2020-09-01,130.3928680419922,130.99537911333144,126.84589234906336,129.01294820319362,151948100
2020-09-02,127.69129943847656,134.0855842416923,123.41549301335552,133.7065923759571,200119000
2020-09-03,117.46824645996094,125.20358030775732,117.0989743551227,123.32806028413174,257599600
2020-09-04,117.54598999023438,120.20865338231157,107.76020880398585,116.68111019411374,332607200
2020-09-08,109.63572692871094,115.63158082191183,109.49967893283078,110.73383072804653,231366600
2020-09-09,114.00873565673828,115.77736730217215,112.0068798970881,113.95043148169943,176940500
2020-09-10,110.28681945800781,117.09896902670127,109.32476361414018,116.96292102510625,182274400
2020-09-11,108.8388900756836,111.97772918558881,106.89533846718923,111.33635359603639,180860300
2020-09-14,112.10405731201172,112.6579692235783,109.61631362694925,111.4821213907461,140150100
2020-09-15,112.27897644042969,115.4761197012607,110.40344885623584,114.99023180291059,184642000
2020-09-16,108.9652099609375,112.72598470596552,108.87775370396636,111.97772065587975,154679000
2020-09-17,107.2257308959961,109.03323435377406,105.64173911915216,106.62323468611042,178011000
2020-09-18,103.82453155517578,107.75050700364507,103.09569964451083,107.28405873269399,287104900
2020-09-21,106.97306823730469,107.0799641548333,100.1900707538578,101.58943010037062,195713800
2020-09-22,108.65425872802734,109.674626367255,106.07905857827852,109.49970641236058,183055400
2020-09-23,104.09661865234375,108.94577745912319,103.75649121629566,108.46960942834048,150718700
2020-09-24,105.16557312011719,107.13827671141094,102.03645401086756,102.20165410941537,167743300
2020-09-25,109.11097717285156,109.26646484753799,104.63109048927913,105.3696421159189,149981400
2020-09-28,111.71532440185547,112.06516421823142,109.59685325338319,111.76391614848642,137672400
2020-09-29,110.86988830566406,112.05545586998878,110.36456819358912,111.31691166111466,99382200
2020-09-30,112.54133605957031,113.95041520558416,110.41315241996158,110.57835250168256,142675200
2020-10-01,113.49369049072266,114.3974422328623,112.56078666239473,114.31969839365316,116120400
2020-10-02,109.83007049560547,112.11374899215812,109.05265449627743,109.70374234190518,144712000
2020-10-05,113.21186828613281,113.35763612296132,110.34513295609943,110.6949727988638,106243800
2020-10-06,109.96614074707031,112.84259590260606,109.08182130955358,112.43444447771981,161498200
2020-10-07,111.83194732666016,112.28868308370595,110.9087559798063,111.38493140237664,96849000
2020-10-08,111.72505187988281,113.11469140834828,111.35577237395906,112.96892357253944,83477200
2020-10-09,113.66860961914062,113.69776170512303,111.67646638432409,112.02630624423392,100506900
2020-10-12,120.88890838623047,121.64689230757452,115.91341372886069,116.67139765020474,240226800
2020-10-13,117.68205261230469,121.85097185102632,116.27298061147238,121.73435608129198,262330500
2020-10-14,117.76951599121094,119.55757997151946,116.2438282245555,117.58487620978688,150712000
2020-10-15,117.30306243896484,117.77923053145645,114.81531862538753,115.36923056556877,112559200
2020-10-16,115.66075897216797,118.11935811253977,115.45668693235429,117.85697447987833,115393800
2020-10-19,112.70653533935547,117.0212138848156,112.39556744946591,116.57419800647807,120639300
2020-10-20,114.19337463378906,115.62188622477068,112.36643141199016,112.92034331318091,124423700
2020-10-21,113.57142639160156,115.35949008406753,113.16327497131253,113.37706680716391,89946000
2020-10-22,112.48304748535156,114.70841493004065,111.35578401227829,114.13506335968486,101988000
2020-10-23,111.79308319091797,113.2604666496336,111.05453154484074,113.10497897085499,82572600
2020-10-26,111.80281066894531,113.26047439389082,109.69405151217103,110.79216292996242,111850700
2020-10-27,113.30905151367188,113.96985932342135,111.30719583151641,112.23037983284465,92276800
2020-10-28,108.06146240234375,112.17207716189112,107.96428630838615,111.80280503922792,143937800
2020-10-29,112.065185546875,113.62974518620118,109.03324236591982,109.19844988747217,146129200
2020-10-30,105.78753662109375,108.82919285123702,104.67971256722367,107.92544086896801,190272600
2020-11-02,105.70005798339844,107.5561534514894,104.29098593931357,106.03046563409058,122866900
2020-11-03,107.32292175292969,108.3432818947634,105.6611860241768,106.56493781497865,107624400
2020-11-04,111.70562744140625,112.32756337251364,109.17901179452487,110.91849140042434,138235500
2020-11-05,115.67046356201172,116.24381509607197,113.57143184766637,114.62094399780884,126387100
2020-11-06,115.53905487060547,116.03551019200556,113.04701195376393,115.1788748490344,114457900
2020-11-09,113.23197174072266,118.75144452373826,112.96914288637264,117.30100266982897,154515300
2020-11-10,112.8912582397461,114.46824612623837,111.10010224382926,112.48241007857042,138023400
2020-11-11,116.31780242919922,116.45408514437595,113.34877764644807,114.07886680354521,112295000
2020-11-12,116.04523468017578,117.33019127391833,115.4222258727158,116.44435364296932,103162300
2020-11-13,116.09391784667969,116.49302940870272,114.74081980829087,116.269139549406,81581900
2020-11-16,117.10630798339844,117.77798498184063,115.01338417236556,115.7629391328116,91183000
2020-11-17,116.2204818725586,117.46649976087988,115.80189704193324,116.37623782202498,74271000
2020-11-18,114.8965835571289,116.63906421361688,114.86738117394037,115.46118772161485,76322100
2020-11-19,115.49038696289062,115.89923517011198,113.70896736833065,114.46825901798518,74113000
2020-11-20,114.22489166259766,115.61692877725572,114.17622350270929,115.49038264932382,73604300
2020-11-23,110.82756042480469,114.4974803361599,110.73021666475569,114.0691588797209,127959300
2020-11-24,112.11249542236328,112.77444325872074,109.60098679969664,110.88595091749468,113874200
2020-11-25,112.94967651367188,113.65056340347142,112.11250688717266,112.4824235383736,76499200
2020-11-27,113.49481201171875,114.37092065910097,113.13463937607727,113.47534623148913,46691300
2020-11-30,115.88951110839844,117.75853793262587,113.70897238661402,113.86472833539251,169410200
2020-12-01,119.4620590209961,120.19214819451732,116.82400436522819,117.79745659658983,127728200
2020-12-02,119.81251525878906,120.0948173273605,117.68065226704212,118.78065073270163,89004200
2020-12-03,119.67623901367188,120.49393545508784,118.9656155022822,120.24083575457,78967600
2020-12-04,119.00454711914062,119.59835363347426,118.29392365175957,119.34525394863078,78260400
2020-12-07,120.4646987915039,121.26292922581602,119.00452062433416,119.06292537442889,86712000
2020-12-08,121.0779800415039,121.66205729371858,119.82222583220359,121.0682508669909,82225500
2020-12-09,118.54700469970703,122.60629848757797,117.78771319139744,121.2239981813297,115089200
2020-12-10,119.96826934814453,120.58154910132534,116.96030505591354,117.30101190387383,81312200
2020-12-11,119.16031646728516,119.50102333511974,117.34969433896117,119.17978224822454,86939800
2020-12-14,118.54700469970703,120.07532431759577,118.31337825719271,119.34523518624412,79184500
2020-12-15,124.48506164550781,124.5045348480724,120.83461598397432,121.03904004979812,157243700
2020-12-16,124.41694641113281,124.96207736777791,123.20013093515553,124.0275714003019,98208600
2020-12-17,125.2833023071289,126.1399450451197,124.64082025363582,125.47798978748065,94359800
2020-12-18,123.29747009277344,125.67269604688084,122.7718049671832,125.53641332100761,192541500
2020-12-21,124.82579040527344,124.90366837554562,120.17268937086521,121.70100925990957,121251600
2020-12-22,128.37892150878906,130.84175516574334,126.20811172127088,128.1160851725901,168904800
2020-12-23,127.48329162597656,128.91425252595747,127.30806252669929,128.65143115759162,88223700
2020-12-24,128.4665069580078,129.91695629713385,127.61960817236115,127.83376887622417,54930100
2020-12-28,133.06117248535156,133.69391042104374,129.9655870238762,130.43285473552945,124486200
2020-12-29,131.28952026367188,135.10545188425303,130.7735916806408,134.38510661556313,121047300
2020-12-30,130.1700439453125,132.37978484573765,129.85853207666074,131.98066583416636,96452100
2020-12-31,129.16738891601562,131.16296911492586,128.2231389904879,130.5204870277971,99116600
2021-01-04,125.97447967529297,130.0629768178639,123.39482930890424,129.97536966603926,143301900
2021-01-05,127.53195190429688,128.2425826187585,125.02044375051327,125.46823824382196,97664900
2021-01-06,123.23906707763672,127.57093452826126,123.02490637051051,124.32933639261917,155088000
2021-01-07,127.44437408447266,128.1355317571745,124.46561240551398,124.95233855838183,109578200
2021-01-08,128.5443572998047,129.10896132011973,126.77266728567469,128.91425901030706,105158200
2021-01-11,125.55586242675781,126.71427293823224,125.08860952298478,125.76029392736588,100384500
2021-01-12,125.38066864013672,126.24704065814508,123.4921686595174,125.08862995743296,91951100
2021-01-13,127.4151382446289,127.96026901609807,125.07885926584692,125.34168062471274,88636800
2021-01-14,125.48773956298828,127.52225130518217,125.34171280576037,127.32756381591491,90221800
2021-01-15,123.76473236083984,126.76296740977297,123.62844962469308,125.36119363586094,111598500
2021-01-19,124.43640899658203,125.2930517717372,123.5700370457831,124.3877334109567,90757300
2021-01-20,128.52488708496094,128.9726816127556,125.13727773804456,125.24435806944973,104319500
2021-01-21,133.23638916015625,135.96205811290383,130.04346734095793,130.24789882523683,120150900
2021-01-22,135.37803649902344,136.1373282057296,131.43555118884584,132.66209590266996,114459400
2021-01-25,139.1258087158203,141.23819854253642,132.9151779412319,139.2718354812106,157611700
2021-01-26,139.3594207763672,140.46915569228537,137.6169330170498,139.787742121757,98390600
2021-01-27,138.28863525390625,140.46917381461645,136.6824448551771,139.6222601892596,140843800
2021-01-28,133.4505615234375,138.22048632254183,133.07091575107856,135.81605814636788,142621100
2021-01-29,128.45681762695312,133.10992008382556,126.75327549744561,132.2240746115916,177523800
2021-02-01,130.5789031982422,131.78598951100426,127.45411448597895,130.19925735971532,106239800
2021-02-02,131.4063262939453,132.69127555683025,131.0364096809211,132.12667146199954,83305400
2021-02-03,130.38418579101562,132.16560504134387,130.06294479305137,132.15586101329262,89880900
2021-02-04,133.7426300048828,133.75235918193923,131.01696020484349,132.68157041122387,84183100
2021-02-05,133.3282470703125,133.97168912108438,132.4508369108214,133.90345338134028,75693800
2021-02-08,133.4744873046875,133.523235617583,131.53441750826036,132.61656460059567,71297200
2021-02-09,132.59710693359375,134.42019329345555,132.44113310608114,133.19180084894626,76774200
2021-02-10,131.9926300048828,133.55248682280848,131.0274669252529,133.0552748381974,73046600
2021-02-11,131.73919677734375,132.9675743269367,130.41332257065082,132.4898645085888,64280000
2021-02-12,131.97312927246094,132.12911793128706,130.33529298247856,130.97873504321333,60145100
2021-02-16,129.84786987304688,132.59709996571863,129.45789813500429,132.09015902011436,80576300
2021-02-17,127.55681610107422,128.90219239259375,126.22119839919687,127.95653150303275,97918500
2021-02-18,126.45518493652344,126.7379014019475,124.21289601346298,125.95797287967874,96856700
2021-02-19,126.61114501953125,127.43007806091106,125.5680024488118,126.97187066157987,87668800
2021-02-22,122.83826446533203,126.46491917771368,122.44830023340782,124.797821900289,103916400
2021-02-23,122.70178985595703,123.53045927947294,115.41923371769597,120.65448673963841,158273000
2021-02-24,122.20459747314453,122.40932706149795,119.16289223137868,121.80488944958321,111039900
2021-02-25,117.9539794921875,123.28672123283567,117.51527437819725,121.55138820352438,148199500
2021-02-26,118.21720886230469,121.71712094720249,118.15870939243611,119.51382934353043,164560400
2021-03-01,124.5833511352539,124.71983750347,119.7088167333954,120.64472644599832,116307900
2021-03-02,121.98036193847656,125.49002551913253,121.87312157746639,125.18780674062197,102260900
2021-03-03,118.99714660644531,122.55555866097826,118.78266587535208,121.67814086921052,112966300
2021-03-04,117.11557006835938,120.49849839926789,115.64346591859298,118.69492201638303,178155000
2021-03-05,118.37320709228516,118.8801629015518,114.61981660015222,117.94425306669439,153766600
2021-03-08,113.44017028808594,117.96373782106434,113.29393276187487,117.89549463389245,154376600
2021-03-09,118.05148315429688,118.99714411910483,115.80920155325997,116.04317714685729,129525800
2021-03-10,116.96932220458984,119.10436305827703,116.45261534799565,118.63641195525601,111943300
2021-03-11,118.89965057373047,120.1182842596345,118.21721868480411,119.46509838909789,103026500
2021-03-12,117.99298095703125,118.12946732804168,116.16990981369923,117.37879228748427,88105100
2021-03-15,120.87871551513672,120.88846666765528,117.39829786101335,118.36346113570012,92403800
2021-03-16,122.4190673828125,124.02766536377307,121.59039794957519,122.54580261068884,115227900
2021-03-17,121.62940216064453,122.70179839737172,119.27012151430435,120.93721906750288,111932600
2021-03-18,117.50553894042969,120.08904396527872,117.30080936399335,119.79656889154106,121229700
2021-03-19,116.97908782958984,118.38295627751944,116.67686904236336,116.89134977056929,185549500
2021-03-22,120.29376983642578,120.76172845240197,117.24231371312757,117.31055690317099,111912300
2021-03-23,119.46510314941406,121.1224420531035,119.07513886679595,120.23528056214857,95467100
2021-03-24,117.0765609741211,119.816054302137,117.05706610966415,119.73805996841114,88530500
2021-03-25,117.56403350830078,118.6071911560223,116.01393492282537,116.54038560410483,98844700
2021-03-26,118.16847229003906,118.43170133574063,115.93593444848634,117.33005170542276,94071200
2021-03-29,118.34395599365234,119.50409766319855,117.70052126390267,118.59743388740822,80819200
2021-03-30,116.89134979248047,117.37880328833072,115.87744562855794,117.09607936818357,85671900
2021-03-31,119.08487701416016,120.42049468098195,118.10997013305847,118.5974235736093,118323800
2021-04-01,119.91355895996094,121.06394949790783,119.41635431579364,120.5570011392304,75089100
2021-04-05,122.74080657958984,122.99428451069839,119.98181767446287,120.76174633728107,88651200
2021-04-06,123.04301452636719,123.9399272027551,122.49706897342678,123.32573845569713,80171300
2021-04-07,124.69060516357422,124.71010003062226,121.99985979599343,122.67254799737614,83466700
2021-04-08,127.08885955810547,127.1181055739932,125.29503449613289,125.71423730778919,88844600
2021-04-09,129.66258239746094,129.70157211744996,126.22116316750967,126.54288414202428,106686700
2021-04-12,127.9468002319336,129.51640109938154,127.35210636598374,129.19468000377913,91420000
2021-04-13,131.05674743652344,131.28098676840776,128.6194798143975,129.11669192988782,91266500
2021-04-14,128.71694946289062,131.6124239805342,128.35623869078685,131.55393195001986,87222800
2021-04-15,131.12498474121094,131.61243821608534,130.286564169391,130.46205515581354,89347100
2021-04-16,130.79351806640625,131.29071524829968,129.9355952026849,130.93000444237106,84922400
2021-04-19,131.4564666748047,132.07066289352065,129.99410605950115,130.1598384774607,94264200
2021-04-20,129.7698516845703,132.12912448166279,128.5024698015972,131.63192734239016,94812300
2021-04-21,130.1501007080078,130.3938274883599,128.00530801609,129.03870718463844,68847100
2021-04-22,128.62924194335938,130.7837782500738,128.11254238332913,129.70163080104982,84566500
2021-04-23,130.94947814941406,131.72939162695204,128.843676057911,128.843676057911,78657500
2021-04-26,131.33946228027344,131.67092706494682,130.2085666757299,131.44670263718533,66905100
2021-04-27,131.0177459716797,132.01215523774303,130.7447732125093,131.62218352757128,66015800
2021-04-28,130.2281036376953,131.6319723651053,129.7406500448948,130.9397817179312,107760100
2021-04-29,130.13055419921875,133.63048088194913,129.12640139531834,133.04553085743174,151101000
2021-04-30,128.16128540039062,130.2085812488916,127.78107225167611,128.4732479162047,109839500
2021-05-03,129.21412658691406,130.70574751351384,128.52195116516012,128.72667324025528,75135100
2021-05-04,124.64185333251953,128.19052150938094,123.52070884107249,127.89804644623831,137564700
2021-05-05,124.88558959960938,127.17661206810328,124.75884693241741,125.95797834787251,84000900
2021-05-06,126.48441314697266,126.49415685961574,123.93989837484678,124.68082962289287,78128300
2021-05-07,127.15827178955078,128.1836509944488,126.44537008751145,127.78327149877356,78973300
2021-05-10,123.87698364257812,126.50393237994196,123.83792023841514,126.37698935493167,88071200
2021-05-11,122.95904541015625,123.31060121990447,119.89263087268371,120.60552510907532,126142800
2021-05-12,119.89261627197266,121.71879146016067,119.3848068747701,120.50785562792139,112172300
2021-05-13,122.04107666015625,123.19342127323375,121.34771783923617,121.66021769444781,105861300
2021-05-14,124.46293640136719,124.892626453878,122.90043727939631,123.29106392253492,81918000
2021-05-17,123.31060791015625,123.95514307259624,122.2363900900074,123.84772054552292,74244600
2021-05-18,121.92387390136719,124.01371786549493,121.8555147978895,123.59379552967953,63342900
2021-05-19,121.76763153076172,121.99223682754793,119.9805196188087,120.27349147179841,92612000
2021-05-20,124.32621765136719,124.72661200774762,122.16801458440843,122.29497252696002,76857100
2021-05-21,122.49028778076172,125.00005419589023,122.27544274551913,124.8242725716539,79295400
2021-05-24,124.12114715576172,124.94146389287052,122.98833802904868,123.05669713625909,63092900
2021-05-25,123.92583465576172,125.31255964913692,123.35942638033971,124.82427074399982,72009500
2021-05-26,123.87698364257812,124.40432842290467,123.45706136105417,123.98440614138072,56575900
2021-05-27,122.34381103515625,124.6485003034277,122.14850141604893,123.476627687615,94625600
2021-05-28,121.68951416015625,122.85162649652436,121.63092276524166,122.62701373171124,71311100
2021-06-01,121.36722564697266,122.41214756264262,121.03519786563034,122.14847888043448,67637100
2021-06-02,122.12894439697266,122.30472600333286,121.14262130905783,121.36722658627286,59278900
2021-06-03,120.64457702636719,121.92387199310579,120.24418267613345,121.7578580944845,76229200
2021-06-04,122.93949890136719,123.20317504815017,120.94730975584969,121.16215477898149,75169300
2021-06-07,122.94927978515625,123.35943444565716,121.90435770211774,123.21294850959707,71057600
2021-06-08,123.76957702636719,125.44927381859075,123.25199989330952,123.63285881954378,74403800
2021-06-09,124.15043640136719,124.75590806990476,123.55473244780471,124.22856322000109,56877900
2021-06-10,123.15434265136719,125.1855951846905,122.98832875360279,124.04301097808155,71186400
2021-06-11,124.36528015136719,124.45317468407444,123.14457656242446,123.5644988950441,53522400
2021-06-14,127.42194366455078,127.48053506385699,124.09186751031602,124.82428980398292,96906500
2021-06-15,126.60163879394531,127.53914591983998,126.35749802066934,126.89461070211054,62746300
2021-06-16,127.09964752197266,127.8223093871763,125.44926884121655,127.3144925386233,91815000
2021-06-17,128.7012176513672,129.44341498990488,126.61137364763495,126.75786702289925,96721700
2021-06-18,127.40240478515625,128.4277839276905,127.18755975119329,127.64654551455347,108953300
2021-06-21,129.1992950439453,129.3067175759483,126.18171878291032,127.24616893565036,79663300
2021-06-22,130.8398895263672,130.93755177411464,128.53520055049577,129.0332571523742,74783600
2021-06-23,130.5664520263672,131.171931135257,130.10746628787817,130.63481857945425,60214200
2021-06-24,130.28326416015625,131.4844323925828,129.81450322458238,131.2988830515641,68711000
2021-06-25,129.9902801513672,130.7519979740222,129.69730831930764,130.33208310563106,70783700
2021-06-28,131.62112426757812,132.08010994524813,130.22464670870133,130.28323808863115,62111300
2021-06-29,133.1348114013672,133.29106502927266,131.20122118482706,131.6406714747908,64556100
2021-06-30,133.7500762939453,134.18952666784298,132.6856112890496,132.9785831720377,63261400
2021-07-01,134.05282592773438,134.11141733174057,132.57820605478142,133.3985304143806,52485800
2021-07-02,136.67974853515625,136.7188044942125,134.52153799341264,134.66801646633246,78852600
2021-07-06,138.6914825439453,139.79498860999516,136.78718765891608,136.78718765891608,108181800
2021-07-07,141.1816864013672,141.4941787382535,139.3164479398055,140.17581304211686,104911600
2021-07-08,139.8828887939453,140.68366270138483,137.37311474377276,138.2617906456667,105575500
2021-07-09,141.70904541015625,142.2363828285555,139.30669407903906,139.4043563311566,99890800
2021-07-12,141.11334228515625,142.89069395646402,140.62506082396192,142.78327143895456,76299700
2021-07-13,142.22665405273438,144.0040061068398,140.2637675203964,140.65438681301453,100827100
2021-07-14,145.65431213378906,146.06448155656534,144.2187638575622,144.6289332803385,127050800
2021-07-15,145.00001525878906,146.48439463003243,143.64259379793063,145.74221239499232,106820300
2021-07-16,142.95901489257812,146.25002646546287,142.4609732736023,144.98050686009336,93251400
2021-07-19,139.1113739013672,140.69341583864048,138.3496560764886,140.38090857655365,121434600
2021-07-20,142.7246551513672,143.65240178359875,139.60943216409294,140.09771359109203,96350000
2021-07-21,141.99224853515625,142.7051502253578,141.24030578420624,142.11920648842988,74993500
2021-07-22,143.3594207763672,144.72660272403846,142.39261824833602,142.51957617960753,77338200
2021-07-23,145.0782012939453,145.23445495496276,143.47663852143975,144.09187799846512,71447400
2021-07-26,145.49810791015625,146.31841714774572,144.2383334584889,144.7949814490319,72434100
2021-07-27,143.33013916015625,145.71295498966768,142.13873124540055,145.62505300491213,104818600
2021-07-28,141.5821075439453,143.52547338784896,139.19929130551824,141.41609361273288,118931200
2021-07-29,142.22665405273438,143.11533007978707,141.19149951624257,141.2989220568882,56699500
2021-07-30,142.4414520263672,142.90043773904355,140.73246710930246,140.99614324026174,70440600
2021-08-02,142.10939025878906,143.5058675901759,141.8457141908936,142.92969924650563,62880000
2021-08-03,143.90631103515625,144.57036666149511,141.77739614243097,142.3926355441965,64786600
2021-08-04,143.50595092773438,144.32626039182554,142.85165540986375,143.81845828615255,56368300
2021-08-05,143.61334228515625,144.37506017943633,142.74420187239215,143.53521546251628,46397700
2021-08-06,142.92868041992188,143.877366577441,142.4298926671649,143.13407239075616,54126800
2021-08-09,142.87982177734375,143.47641826359128,142.3223546901742,142.9874052395685,48908700
2021-08-10,142.40060424804688,144.46423988872255,142.10719343722454,143.22214257955443,69023100
2021-08-11,142.6548614501953,143.49596433929045,142.33211110540972,142.84068876296502,48493500
2021-08-12,145.61830139160156,145.77478914489808,142.63531888467134,142.97763397957073,72282600
2021-08-13,145.82366943359375,146.15619466200167,145.01190613589833,145.69652128952967,59375000
2021-08-16,147.79928588867188,147.8677548726636,143.25147091055382,145.27597699148956,103296000
2021-08-17,146.8897247314453,148.3469738946529,145.81389018106398,146.92883920441727,92229700
2021-08-18,143.14393615722656,147.40813160961093,142.9385440588593,146.50834916487815,86326000
2021-08-19,143.4763946533203,144.74783129125242,141.32474068639172,141.8430932126771,86960300
2021-08-20,144.9336395263672,145.23682512371573,143.5546196253734,144.20012020756056,60549600
2021-08-23,146.42027282714844,146.8897211086949,144.6402584192349,145.05102753102452,60131800
2021-08-24,146.33224487304688,147.54500248159704,145.8725714606484,146.1659822444016,48606400
2021-08-25,145.0999298095703,147.01686722827083,144.55223766808206,146.51806444524348,58991300
2021-08-26,144.29800415039062,145.84328760674134,144.2686645531528,145.09021804630626,48597200
2021-08-27,145.3346710205078,145.48136895257556,143.60356080464544,144.23927174159581,55802400
2021-08-30,149.75534057617188,150.11722035437248,145.344448563989,145.7258781178275,90956700
2021-08-31,148.49368286132812,149.44236923362013,147.96554048732443,149.3054461965621,86453100
2021-09-01,149.15875244140625,151.57447805860386,148.99248979823196,149.47172795102404,80313700
2021-09-02,150.27369689941406,151.32019193818465,149.05116433458483,150.48886382470346,71115500
2021-09-03,150.90945434570312,151.23220480113145,149.72603600913263,150.38131181009447,57808700
2021-09-07,153.24691772460938,153.80438486222874,150.99745462583329,151.5647115758547,82278300
2021-09-08,151.7016143798828,153.58919740809037,150.59644021764143,153.53051823549217,74420200
2021-09-09,150.68447875976562,152.67964530991367,150.56710548729126,152.073273942186,57305700
2021-09-10,145.69654846191406,152.06349296335642,145.43247723787448,151.59404461667017,140893200
2021-09-13,146.26376342773438,148.09266692388925,145.481339792054,147.32003309737948,102404300
2021-09-14,144.8651885986328,147.7503768839939,143.68178564075433,147.0461970563759,109296300
2021-09-15,145.75521850585938,146.1562127610325,143.15366567640987,145.29554507646444,83281300
2021-09-16,145.52049255371094,145.69654500672686,143.98499938228917,145.1781923829195,68034100
2021-09-17,142.85049438476562,145.54985605884855,142.55708356060515,145.54985605884855,129868800
2021-09-20,139.79905700683594,141.65730067907975,138.16575516526504,140.6401600731503,123478900
2021-09-21,140.2782745361328,141.42257819093177,139.64256354879453,140.76728757977574,75834000
2021-09-22,142.64508056640625,143.21232244413056,140.54231597032648,141.27583538032138,76404300
2021-09-23,143.6035614013672,143.8480679048245,142.43970805715156,143.42750895866175,64838200
2021-09-24,143.69158935546875,144.22950668219346,142.3614732946102,142.45928187164873,53477900
2021-09-27,142.17562866210938,142.7526753188713,140.65970036682202,142.27343722725323,74150700
2021-09-28,138.79165649414062,141.5692464173405,138.57648960622467,140.10220759436288,108972300
2021-09-29,139.6914825439453,141.2758801966286,138.90905860704783,139.3393925185162,74602000
2021-09-30,138.39068603515625,141.20740583386313,138.17551911033874,140.5032258841864,89056700
2021-10-01,139.51541137695312,139.77948259151805,136.0532056936857,138.7818918325454,94639600
2021-10-04,136.08255004882812,139.08509731906585,135.23167212302508,138.6449736382081,98322000
2021-10-05,138.00924682617188,139.11442096062234,136.2977013587978,136.42484951189164,80861100
2021-10-06,138.87973022460938,139.02642819558886,135.32949009194027,136.405324957445,83221100
2021-10-07,140.14132690429688,141.05089876617805,139.58385989252358,139.91638512224736,61732700
2021-10-08,139.75991821289062,141.01179037767685,139.42739293363346,140.86509243785557,58773200
2021-10-11,139.6719207763672,141.62797319796408,138.69389456556874,139.14379318887413,64452200
2021-10-12,138.4004669189453,140.1022376916366,137.94079346178435,140.08267299121655,73035900
2021-10-13,137.8136444091797,138.29286758829517,136.1412134172162,138.13639477336537,78762700
2021-10-14,140.6009979248047,140.7183711807061,138.40043965116223,138.9872611601966,69907100
2021-10-15,141.65728759765625,141.71596677210917,140.35651117780878,140.61080749842878,67940300
2021-10-18,143.32972717285156,143.6133481739968,140.01421930853004,140.29784030967528,85589200
2021-10-19,145.49118041992188,145.89217476638268,143.32975075206528,143.77963447251219,76378900
2021-10-20,145.98013305664062,146.4593710957878,144.8651841841365,145.43244096818108,58418800
2021-10-21,146.19532775878906,146.35181550626882,144.62070524306984,145.54005210514717,61421000
2021-10-22,145.42271423339844,146.8799636819581,145.37380993998815,146.40074040762428,58883400
2021-10-25,145.37376403808594,146.08771874126032,144.37617347678713,145.4128785063667,50720600
2021-10-26,146.0388641357422,147.52545305998103,145.73566350958762,146.04863902426567,60893400
2021-10-27,145.57919311523438,146.43984594803317,145.22710311706854,146.07798106118008,56094900
2021-10-28,149.21746826171875,149.80427504242536,146.43008755200083,146.52789614386654,100077900
2021-10-29,146.5083465576172,146.64526964625946,143.1928379108175,143.9850368467833,124953200
2021-11-01,145.686767578125,146.4104973070888,144.55225377378474,145.71610716586716,74588300
2021-11-02,146.72348022460938,148.23942366972244,145.38357431484795,145.39336412691904,69122000
2021-11-03,148.16119384765625,148.6306422432943,146.52789189067994,147.0853590623447,54511500
2021-11-04,147.642822265625,149.0805068605867,147.32984675958332,148.24919365421385,60394600
2021-11-05,148.1717071533203,149.07280247570614,146.9767728258522,148.76917431705436,65463900
2021-11-08,147.3489990234375,148.45578635175377,147.07475321655346,148.29907019202702,55020900
2021-11-09,147.71136474609375,148.31862107112684,146.9767746966739,147.1138975747547,56787900
2021-11-10,144.88076782226562,147.04536675115244,144.81221384507222,146.93762626246985,65187100
2021-11-11,144.83177185058594,146.35971678839883,144.64567331029048,145.89938743250096,41000000
2021-11-12,146.90821838378906,147.3097829126506,144.44978082602336,145.3802585513719,63804000
2021-11-15,146.91802978515625,148.75940720761815,146.35973409824072,147.2804228094717,59222800
2021-11-16,147.89747619628906,148.37741378411212,146.27157982474884,146.85925789370467,59256200
2021-11-17,150.3363037109375,151.81527292494047,147.88767027666427,147.89745943010328,88807000
2021-11-18,154.62631225585938,155.40987800940817,149.90535437132496,150.55179723889825,137827700
2021-11-19,157.25123596191406,157.71158022509883,153.3138293695712,154.41081232255357,117305600
2021-11-22,157.71157836914062,162.2954127503928,157.69198511799027,158.35800620438556,117467900
2021-11-23,158.0935821533203,158.47556839424874,155.79186060844827,157.8095322884944,96041900
2021-11-24,158.6126708984375,158.80855857074818,156.35992530368637,157.44711907207267,69463600
2021-11-26,153.5880889892578,157.15329885394945,153.14733793761846,156.2913900038225,76959800
2021-11-29,156.94764709472656,157.87812500699889,155.52742744700635,156.09551231703932,88748200
2021-11-30,161.90365600585938,162.11913695746247,156.6341917361946,156.7027606504653,174048100
2021-12-01,161.38455200195312,166.8009284808444,161.1494777894876,164.03886252915143,152052500
2021-12-02,160.39529418945312,160.82625610567675,154.55775990226203,155.47844855141722,136739200
2021-12-03,158.51475524902344,161.57066041655554,156.43831855392804,160.64997170977935,118023100
2021-12-06,161.9232635498047,164.43066217672398,160.90462351682206,160.91441267175034,107497000
2021-12-07,167.66281127929688,168.05460157243954,164.88116745170595,165.60596828506618,120405400
2021-12-08,171.4827117919922,172.3446356103418,167.19270089919112,168.59332710400926,116998900
2021-12-09,170.97335815429688,173.1183631784156,170.34650866761442,171.3161727723624,108923700
2021-12-10,175.76292419433594,175.93923359247646,171.1007310045987,171.61005099944745,115402700
2021-12-13,172.12916564941406,178.38787299583686,171.92347383588933,177.3986153833375,153237000
2021-12-14,170.74810791015625,174.08804749115933,168.67167154672788,171.64920321778123,139380400
2021-12-15,175.61599731445312,175.81188500506997,168.76961267963995,171.5120851840939,131063300
2021-12-16,168.7206573486328,177.41820935643656,167.24168791922142,175.5964252181878,150185800
2021-12-17,167.62367248535156,169.90580094866743,166.20346789014454,166.43852716670187,195432700
2021-12-20,166.26223754882812,167.0751857762259,164.0192955298341,164.822439656907,107499100
2021-12-21,169.43563842773438,169.6413152594918,165.64514384449987,168.03501238197,91185900
2021-12-22,172.0312042236328,172.24668517933623,168.6129062856775,169.48461926274177,92135300
2021-12-23,172.65806579589844,173.2163614776015,171.66882311821325,172.23690795484498,68356600
2021-12-27,176.6248321533203,176.71297937182496,173.4318194724349,173.4513977796986,74919600
2021-12-28,175.606201171875,177.6042945644057,174.86182193569553,176.45833582983963,79144300
2021-12-29,175.6943359375,176.91865254996387,174.47980847763824,175.6453602839472,62348900
2021-12-30,174.53860473632812,176.85991961465393,174.4308642572052,175.78251482342475,59773000
2021-12-31,173.9215545654297,175.5474359178977,173.61791144491113,174.43085959378186,64062300
2022-01-03,178.2703094482422,179.12244407617163,174.05867174915193,174.17620137564992,104487900
2022-01-04,176.00775146484375,179.1811854730246,175.4396667688889,178.8775573474026,99310400
2022-01-05,171.3260040283203,176.46813489136744,171.05175824457976,175.9196433238863,94537600
2022-01-06,168.4659881591797,171.69818743268368,168.1133843303379,169.15160256379613,96904000
2022-01-07,168.63250732421875,170.56203191509988,167.51593093187975,169.33771503993543,86709100
2022-01-10,168.65211486816406,168.95574308768624,164.71470727935647,165.6060136268591,106765600
2022-01-11,171.4827117919922,171.58064816981238,167.31024547595837,168.77942565072325,76138300
2022-01-12,171.9234619140625,173.53955411934612,171.22805833783443,172.50133585944042,74805200
2022-01-13,168.65211486816406,172.99108706764017,168.26032446775187,172.16834964468802,84505800
2022-01-14,169.51402282714844,170.20942643626557,167.57469415475944,167.8195575274604,80440800
2022-01-18,166.3112030029297,168.99489595879072,165.9292167455851,167.9860600754121,90956700
2022-01-19,162.8145294189453,167.56488423888524,162.53049451772475,166.5070728064469,94815000
2022-01-20,161.1298828125,166.19365539118294,160.80666137829382,163.54913404663756,91420500
2022-01-21,159.07301330566406,162.9124684305105,158.96527284535048,161.0417090492799,122848900
2022-01-24,158.29925537109375,158.9652914615593,151.5214395660685,156.73213888196668,162294600
2022-01-25,156.49705505371094,159.41582185177984,153.79376918824497,155.71348938472497,115798400
2022-01-26,156.40892028808594,161.01234841002858,154.57734716045317,160.14063545703362,108275300
2022-01-27,155.94857788085938,160.47364799025604,155.02788925620197,159.11220830674253,121954600
2022-01-28,166.83030700683594,166.8499002604039,159.4550237648548,162.30523687541563,179935700
2022-01-31,171.1888427734375,171.40432369026982,166.02711981248893,166.66377341050108,115541600
2022-02-01,171.02236938476562,171.2476394960686,168.76962343591478,170.43469133018758,86213900
2022-02-02,172.2270965576172,172.266283066221,169.7686736999572,171.15949584991125,84914300
2022-02-03,169.3474884033203,172.618874147118,168.58351594007854,170.89502658265624,89418100
2022-02-04,169.0631103515625,170.7401162961765,167.38610440694853,168.3668057872498,82465400
2022-02-07,168.34722900390625,170.59302893361408,167.65092433011057,169.5240678524441,77251200
2022-02-08,171.45603942871094,171.96600838202775,168.12164545926012,168.41585889249356,74829200
2022-02-09,172.8780059814453,173.24086063611506,171.5246335396632,172.65244889591918,71285000
2022-02-10,168.79830932617188,172.09346641687537,168.23931734555768,170.77933021680633,90865900
2022-02-11,165.38546752929688,169.73978371917386,164.79704076038374,169.00425774018962,98670700
2022-02-14,165.620849609375,166.3073375649639,163.34561528306318,164.1399809862671,86185500
2022-02-15,169.4553680419922,169.61228383864895,166.96439336840055,167.670499489042,62527400
2022-02-16,169.2200164794922,169.99476394129306,166.7682631690513,168.53352854543166,61177400
2022-02-17,165.620849609375,168.59237351767158,165.21875846241755,167.7293515367512,69589300
2022-02-18,164.0713348388672,167.24879755806595,162.98275576839345,166.54270637048876,82772700
2022-02-22,161.1488494873047,163.4731068473456,159.02071443579257,161.79610099125685,91162800
2022-02-23,156.98086547851562,162.94351625967545,156.6670338772365,162.34528786351217,90009200
2022-02-24,159.5993194580078,159.70719718910948,149.06658313119078,149.6353916256984,141147500
2022-02-25,161.66859436035156,161.93337290276583,157.76539291737205,160.6780765984275,91974200
2022-02-28,161.93338012695312,162.2275934848512,159.29529145951147,159.91313801466617,95056600
2022-03-01,160.05047607421875,163.38487003337303,158.8442174624351,161.52152827152648,83474400
2022-03-02,163.34559631347656,164.13016029917193,159.8052642347465,161.21747641613547,79724800
2022-03-03,163.02195739746094,165.65024441282299,162.3550877597844,165.21873348759095,76678400
2022-03-04,160.02101135253906,162.3550849729684,158.9716688608393,161.31554410601458,83737200
2022-03-07,156.22573852539062,161.83535182075346,155.97074658012755,160.2073838791356,96418800
2022-03-08,154.40158081054688,159.73659709320324,152.79323163394997,155.75495309286646,131148300
2022-03-09,159.80526733398438,160.25639649791017,156.33359145766846,158.36363528455044,91454900
2022-03-10,155.4607696533203,157.29467624132576,152.96978004521466,157.10834060556428,105342000
2022-03-11,151.743896484375,156.20609005481433,151.51833939243923,155.8628386400447,96970100
2022-03-14,147.71324157714844,151.14569651195163,147.20328761828517,148.52722554311967,108732100
2022-03-15,152.09695434570312,152.56770172333492,147.47785980558257,147.9878136848799,92964300
2022-03-16,156.5101318359375,156.9122229988077,151.4791438617729,154.01915688013034,102300200
2022-03-17,157.52024841308594,157.89291972026123,154.58796090972857,155.54904405714797,75615400
2022-03-18,160.81539916992188,161.30574983268542,156.67683837905244,157.41236437319773,123511700
2022-03-21,162.18838500976562,163.13966646337798,159.8641127641069,160.3544634117704,95811400
2022-03-22,165.56199645996094,166.1504082464849,161.72745088254396,162.31586266906788,81532000
2022-03-23,166.92520141601562,169.30829877130867,164.41459311854004,164.7480429864726,98062700
2022-03-24,170.71070861816406,170.77934993823305,166.92520042184205,167.75878767591715,90131400
2022-03-25,171.34817504882812,171.89736551944648,169.41619180905553,170.52438934290058,80546200
2022-03-28,172.21115112304688,172.33863211398676,168.68062052174977,168.84733794398963,90371900
2022-03-29,175.5062713623047,175.55529444471665,172.93682436427568,173.28007572702452,100589400
2022-03-30,174.3392791748047,176.14376602591867,173.289921571538,175.1042250130881,92633200
2022-03-31,171.24026489257812,174.59426174462104,171.03431102289065,174.40792609212167,103049300
2022-04-01,170.946044921875,171.5050518578882,168.62178757896973,170.67144974905557,78751300
2022-04-04,174.99635314941406,175.0453912102986,171.0735477076942,171.20104367313095,76468400
2022-04-05,171.68157958984375,174.85905741860927,171.0539313110609,174.07449332905188,73401800
2022-04-06,168.51390075683594,170.27916603294383,166.8467115933005,169.0336712319797,89058800
2022-04-07,168.81793212890625,170.01438898962488,166.57213259059588,167.85684898260146,77594700
2022-04-08,166.80747985839844,168.4648674430598,165.93465630346196,168.4648674430598,76575500
2022-04-11,162.55126953125,165.7679691730941,162.30609416242459,165.45415248244237,72246700
2022-04-12,164.4243927001953,166.59173431379904,163.42407312851623,164.77744578641645,79265200
2022-04-13,167.1114959716797,167.73914420674996,163.55156041909547,164.1595904381064,70618900
2022-04-14,162.10011291503906,167.96471752203973,161.85493758758528,167.32725269207126,75329400
2022-04-18,161.8843536376953,163.3848252707186,160.41330184341265,160.75653828349098,69023900
2022-04-19,164.16940307617188,164.5813108194766,160.74676487778993,161.83534399523174,67723800
2022-04-20,164.002685546875,165.62085178233113,162.89450317699752,165.50315744246095,67929800
2022-04-21,163.2082977294922,168.21968163880754,162.70814548680565,165.65024919174274,87227800
2022-04-22,158.66763305664062,164.63029786624585,158.38323630639394,163.24752061254705,84882400
2022-04-25,159.73666381835938,160.02106066676262,155.4019650190896,158.01061961513787,96046400
2022-04-26,153.7740020751953,159.20708193806465,153.69554415749639,159.1188223922725,95623200
2022-04-27,153.54840087890625,156.70624511583344,152.38136400484169,152.9011344667558,88063200
2022-04-28,160.4819793701172,161.34500140614668,155.86286910913438,156.17670074562366,130216800
2022-04-29,154.60757446289062,162.9925746827483,154.21529987659397,158.71671584912355,131747600
2022-05-02,154.91159057617188,155.17636916422146,150.31209888761785,153.68571389859628,123055300
2022-05-03,156.40223693847656,157.60851029484962,153.30323224685807,155.09790243206862,88966500
2022-05-04,162.81605529785156,163.26716957480116,156.1865040661354,156.58859524312854,108256500
2022-05-05,153.7445526123047,160.91347698312873,151.9596689981739,160.68791986588977,130525300
2022-05-06,154.47129821777344,156.5927286121708,151.42665191176067,153.2239736359336,116124600
2022-05-09,149.34451293945312,153.04719254546444,148.78469978176747,152.16325573701113,131577900
2022-05-10,151.75079345703125,153.9409814618481,150.19900690567323,152.74276671948687,115366700
2022-05-11,143.88380432128906,152.6739723047499,143.20612393725827,150.75879838442233,142689800
2022-05-12,140.0142059326172,143.58920335731457,136.32135622581737,140.22046241259886,182602000
2022-05-13,144.4829559326172,145.45528221531998,140.55438668965164,142.00795311338425,113990900
2022-05-16,142.9409637451172,144.88561601712348,141.60524980458257,142.95079475797485,86643800
2022-05-17,146.57492065429688,147.09545486873625,144.06062380512492,146.2017017887358,78336300
2022-05-18,138.3052520751953,144.728454553279,137.40166819210114,144.22756749777338,109742900
2022-05-19,134.89723205566406,139.13026237954173,134.160625433561,137.38205052865445,136095600
2022-05-20,135.13291931152344,138.18738164689086,130.24185616207308,136.60613236743123,137426100
2022-05-23,140.5543670654297,140.70168239695178,135.19186420352216,135.3293635083762,117726300
2022-05-24,137.85348510742188,139.43473470985077,134.87759532556828,138.29544611720485,104132700
2022-05-25,138.0106201171875,139.25792986661668,135.8695424217508,135.95793161918118,92482700
2022-05-26,141.21241760253906,141.7624148884754,134.69099338044722,134.93652895354754,90601500
2022-05-27,146.96775817871094,147.00703727273068,142.66597054796807,142.79365382955837,90978500
2022-05-31,146.1820526123047,147.9695587462053,144.21776806233134,146.40795612568894,103718400
2022-06-01,146.0543670654297,149.03025660842948,145.04274685421817,147.2231036462002,74286600
2022-06-02,148.5097198486328,148.5686459793301,144.2373955374819,145.1900746138875,72348100
2022-06-03,142.78387451171875,145.32761986647563,141.8803052539547,144.27672024908313,88570300
2022-06-06,143.5302734375,145.91688699135824,142.31241160472894,144.40437947478588,71598400
2022-06-07,146.0543670654297,146.33918169758047,141.52669111278408,141.77222665254513,67808200
2022-06-08,145.3177490234375,147.19362901017018,144.8266779825161,145.9266723185644,53950200
2022-06-09,140.0927734375,145.3079465173713,139.98473718785118,144.45348753415902,69473000
2022-06-10,134.68116760253906,138.2463336751748,134.61241045362357,137.7749096051149,91437900
2022-06-13,129.52493286132812,132.78563754326257,129.09278784637604,130.49724415866797,122207100
2022-06-14,130.38922119140625,131.49904691232265,129.132080103246,130.75262407444748,84784300
2022-06-15,133.01148986816406,134.8873847695174,129.79989617338862,131.89184853709685,91533000
2022-06-16,127.73741912841797,130.02581237807436,126.73562983340109,129.72135067721175,108123900
2022-06-17,129.2106475830078,130.70350817907268,127.49189843838613,127.74726504539257,134520300
2022-06-21,133.4436492919922,134.61240084976376,130.93919879539584,131.0374040187389,81000500
2022-06-22,132.93296813964844,135.29991972582334,131.5186808102628,132.38295585554104,73409200
2022-06-23,135.80081176757812,136.11508949160935,133.20795685254018,134.37670851634957,72433800
2022-06-24,139.1302490234375,139.37578454056782,137.2740011133842,137.4016693916089,89116800
2022-06-27,139.1302490234375,140.9275708071873,138.45256859835,140.15167018072825,70207900
2022-06-28,134.98562622070312,140.85883237422544,134.86777395244602,139.59187553155968,67083400
2022-06-29,136.74363708496094,138.15792407261875,134.2293557674798,135.00525640007206,66242400
2022-06-30,134.27850341796875,135.89903230248103,131.38118647998766,134.79903766505709,98964500
2022-07-01,136.44900512695312,136.55704136561366,133.23741100607202,133.6106148417446,71051600
2022-07-05,139.03204345703125,139.08115356288656,134.4847204054961,135.3097312194843,73353800
2022-07-06,140.36776733398438,141.54633502633234,138.56062920663072,138.82581180795694,74064300
2022-07-07,143.7365264892578,143.93295194501385,140.72134254203155,140.73115856961377,66253700
2022-07-08,144.41415405273438,144.9150560673179,142.4105909532935,142.6659424799357,64547800
2022-07-11,142.28292846679688,144.02132426836204,141.2123971200697,143.0686451840122,63141600
2022-07-12,143.2552490234375,145.7989934962315,142.45971631070495,143.15702881773996,77588800
2022-07-13,142.8918914794922,143.8347397140172,139.5820616716197,140.43653568039218,71185600
2022-07-14,145.81866455078125,146.29008864591398,140.69188068401962,141.50706056941064,78140700
2022-07-15,147.48829650878906,148.16597704358819,145.55347512166446,147.1052616395071,76259900
2022-07-18,144.4436798095703,148.86332029894717,144.08027695642463,148.04814036588357,81420900
2022-07-19,148.30348205566406,148.52937058051154,144.286523787425,145.27848208027842,82982400
2022-07-20,150.30703735351562,150.97490184976564,147.6847194489196,148.42132610705224,64823400
2022-07-21,152.57582092285156,152.7918934399678,149.22671189385298,151.74099392614767,65086600
2022-07-22,151.33828735351562,153.48918116011728,150.67043785379852,152.61507520531072,66675400
2022-07-25,150.21864318847656,152.27131674461305,149.56060972730697,151.25971149976874,53623900
2022-07-26,148.8927459716797,150.35612808602866,148.10702930699426,149.5409483577187,55138700
2022-07-27,153.99009704589844,154.52046232301393,149.44278802073802,149.85528602165928,78620700
2022-07-28,154.54010009765625,154.8249147765774,151.6525992780924,154.1766972484503,81378700
2022-07-29,159.60794067382812,160.70795024668809,156.6516977293032,158.3606307359644,101786900
2022-08-01,158.62582397460938,160.66868209820234,158.01690044251217,158.13475274258138,67829400
2022-08-02,157.15255737304688,159.50970748502837,156.77935355303202,157.24096155464215,59907000
2022-08-03,163.16329956054688,163.61507661089456,157.87936937014717,157.96775857743674,82507500
2022-08-04,162.84901428222656,164.20437546779837,161.49365309665475,163.0454397472784,55474100
2022-08-05,162.622802734375,163.1145559751719,160.31155649978248,160.51809946404907,56697000
2022-08-08,162.15074157714844,165.04225361834065,161.4917939022086,163.62600159758355,60276900
2022-08-09,162.1999053955078,163.0850703328182,160.55745118727944,161.31475546531706,63135500
2022-08-10,166.44866943359375,166.54701109348545,164.14725248674637,164.91438646665537,70170500
2022-08-11,165.71102905273438,168.16979550252623,165.41597407733548,167.25512657950156,57149200
2022-08-12,169.26148986816406,169.33032752565057,166.60601007376212,167.01909604715942,68039400
2022-08-15,170.33348083496094,170.5301791193321,168.52383260735886,168.6910268994302,54091700
2022-08-16,170.1761474609375,170.84493975917735,168.82874820804471,169.930270808534,56377100
2022-08-17,171.6710662841797,173.24466771389544,169.72372757411412,169.92042587693876,79542000
2022-08-18,171.27764892578125,172.01527879196829,170.26463844345383,170.88425233332873,62290100
2022-08-19,168.69102478027344,170.87441022573427,168.48448182965225,170.1761140668042,70346300
2022-08-22,164.80616760253906,167.05839055907853,164.38325206492678,166.89119627908354,69026800
2022-08-23,164.4718017578125,165.92740230652828,163.90136613852434,164.32428177313432,54147100
2022-08-24,164.76686096191406,165.33729659583858,163.50797370329437,164.56033297806545,53841500
2022-08-25,167.22561645507812,167.3338027751895,165.57333266477946,165.99623327523008,51218200
2022-08-26,160.92135620117188,168.22881854744674,160.8623482022366,167.75673954884368,78961000
2022-08-29,158.71827697753906,160.21319598841637,157.18400930436007,158.49205968709833,73314000
2022-08-30,156.28903198242188,159.8788249449609,155.11865676791015,159.45592432505862,77906200
2022-08-31,154.62686157226562,157.9314433381074,154.54817926746995,157.66589243531146,87991100
2022-09-01,155.3546905517578,155.8070951296429,152.11894582091065,154.05645479166745,74229900
2022-09-02,153.24014282226562,157.71510032446895,152.41400097767612,157.11516076913463,76957800
2022-09-06,151.98126220703125,154.49903651153815,151.15512032719968,153.88926726791752,73714800
2022-09-07,153.38766479492188,154.0859459351541,151.07641875135508,152.26646809885722,87449600
2022-09-08,151.91244506835938,153.78110171657892,150.16178940975541,152.08946906346367,84923800
2022-09-09,154.7743682861328,155.21695808867074,152.19758680454555,152.90571248006958,68028800
2022-09-12,160.73443603515625,161.55074810883656,156.6725650029193,156.9577752421011,104956000
2022-09-13,151.30262756347656,157.89211772902357,150.8403783347764,157.26267420589616,122656600
2022-09-14,152.74839782714844,154.5088829319825,151.0764397160354,152.23697022602627,87965400
2022-09-15,149.85687255859375,152.67954626691656,148.88321078041434,152.09926605765543,90481100
2022-09-16,148.21441650390625,148.85370468985187,145.92284471335466,148.71601438946803,162278800
2022-09-19,151.93209838867188,152.01078071909163,146.6408429802446,146.84737096636638,81474200
2022-09-20,154.31216430664062,155.4727097837978,150.5551772691551,150.86989154639073,107689800
2022-09-21,151.18460083007812,156.12180702361462,151.06658486761725,154.74488909740035,101696800
2022-09-22,150.2207794189453,151.9222413623521,148.42096082844884,149.8667164993867,86652500
2022-09-23,147.9488983154297,148.97175363651883,146.1097456802274,148.69637297479187,96029900
2022-09-26,148.28326416015625,151.23378336075643,147.17189712565283,147.19157145564952,93339400
2022-09-27,149.25692749023438,152.16811306913462,147.47678328794686,150.22077457787657,84442700
2022-09-28,147.3686065673828,148.1554147485666,142.45107419388137,145.20489532446575,146691400
2022-09-29,140.13002014160156,144.30009364647282,138.35970520995244,143.69032433945154,128138200
2022-09-30,135.92062377929688,140.7398156433782,135.72392543950448,138.9498262348882,124925300
2022-10-03,140.10049438476562,140.71027860420344,135.41900896557823,135.93043653465315,114311700
2022-10-04,143.6903076171875,143.80832359652302,141.88064422703837,142.6379484443843,87830100
2022-10-05,143.9853515625,144.94919877755754,140.65126498965273,141.6937945288243,79471000
2022-10-06,143.0313262939453,145.1065253655181,142.8247983571862,143.40506352233135,68402200
2022-10-07,137.77943420410156,140.7397986362367,137.14999058855568,140.18902234140444,85925600
2022-10-10,138.10397338867188,139.5497290653031,136.28449546728626,138.10397338867188,74899000
2022-10-11,136.687744140625,139.01866500579177,135.9402845213117,137.5925684188842,77033700
2022-10-12,136.0582733154297,138.04496046792565,135.88124936484056,136.8352517842159,70433700
2022-10-13,140.631591796875,141.22168665886508,132.15375604675947,132.76354024673512,113224000
2022-10-14,136.09762573242188,142.1363546632189,135.9107571080086,141.92981170804703,88598000
2022-10-17,140.06117248535156,140.54308109407378,137.9564690521345,138.74327729972723,85250900
2022-10-18,141.37905883789062,144.2804000004446,138.2908490399077,143.0903655439518,99136600
2022-10-19,141.4872283935547,142.5592467457927,139.1661527370201,139.35302135031444,61758300
2022-10-20,141.02499389648438,143.4837601022304,140.29719369702107,140.6611013003117,64522000
2022-10-21,144.8409881591797,145.41142365797057,140.29717849836038,140.51355110159543,86548600
2022-10-24,146.98504638671875,147.75218027161432,143.59195189473937,144.76232705447245,75981900
2022-10-25,149.82736206054688,149.97489702549265,146.89651717711538,147.61447265041116,74732300
2022-10-26,146.8866729736328,149.4831290241877,145.5982671053076,148.47011872840665,88194300
2022-10-27,142.41172790527344,146.59163005196794,141.75278042653088,145.62779799425218,109180200
2022-10-28,153.1713104248047,154.90227649289278,145.3819406077306,145.75566287950778,164762400
2022-10-31,150.81088256835938,151.69604741946125,149.41430514421359,150.6338586024099,97943200
2022-11-01,148.1652374267578,152.8860712842191,146.6703184608035,152.52217870801033,80379300
2022-11-02,142.637939453125,149.66017491618842,142.60843546015093,146.49328294195223,93604600
2022-11-03,136.58938598632812,140.44472962212055,136.4615253404881,139.7169294177421,97918500
2022-11-04,136.3234100341797,140.54964571240953,132.38285778027205,139.97826383175124,140814800
2022-11-07,136.85536193847656,137.08193945756335,133.6536636073325,135.07226465763827,83374600
2022-11-08,137.42677307128906,139.32808250128076,135.44665078479818,138.32325240295035,89908500
2022-11-09,132.8655548095703,136.49087039963513,132.58971737719733,136.44161049413725,74917800
2022-11-10,144.6872100830078,144.6872100830078,137.42674799216064,139.14089348616804,118854000
2022-11-11,147.47515869140625,147.7805490726991,142.2243712372686,143.6528333928847,93979700
2022-11-14,146.07626342773438,148.04653945457946,145.23889010351994,146.75601106211803,73374100
2022-11-15,147.81007385253906,151.3073161661693,146.35207406862938,149.95768214517247,89868300
2022-11-16,146.57864379882812,147.64259440598903,145.1009371275507,146.91360206864496,64218300
2022-11-17,148.47999572753906,149.22869517163417,143.9779079987764,144.25374542723313,80389400
2022-11-18,149.04153442382812,150.43058273283654,147.74115996689468,150.04637948055915,74829600
2022-11-21,145.81027221679688,148.1351985339266,145.52458880647748,147.928327968664,58724100
2022-11-22,147.94798278808594,148.18442126393765,144.74628504197318,145.92846238922232,51804100
2022-11-23,148.8247833251953,149.57348268525726,147.12048400893244,147.22884977452136,58301400
2022-11-25,145.90879821777344,146.66735873059727,144.93350612985708,146.1058228227629,35195900
2022-11-28,142.0766143798828,144.4606467175549,141.24910200456142,142.98293960504637,69246000
2022-11-29,139.07191467285156,142.6578160052338,138.26410941652946,142.14554009146167,83763800
2022-11-30,145.8299560546875,146.50970358247017,138.46112907886217,139.2984872397453,111380900
2022-12-01,146.1057891845703,146.9136094206591,144.43105787971572,146.00728442076144,71250400
2022-12-02,145.6132354736328,145.80041408602733,143.48533393064037,143.79073931676461,65447400
2022-12-05,144.45077514648438,148.67701012513257,143.60355595085647,145.5738317516645,68826400
2022-12-06,140.78607177734375,145.11082689130228,139.81077976944414,144.8842493657544,64727200
2022-12-07,138.8453369140625,141.23921477643742,137.91930489039092,140.07675927915528,69721100
2022-12-08,140.52993774414062,141.38701807504808,139.00298578220685,140.24425432184734,62128300
2022-12-09,140.0472412109375,143.4065658669265,138.80595753740835,140.22455886029022,76097000
2022-12-12,142.3425750732422,142.352421040337,138.96354439037955,140.5791698825673,70462700
2022-12-13,143.3080291748047,147.7411502710795,142.0963136174533,147.27813419846305,93886200
2022-12-14,141.08163452148438,144.4803579746899,139.0620984014011,143.18982946326526,82291200
2022-12-15,134.47132873535156,139.69256282085553,134.00831270124763,139.01281523751095,98931900
2022-12-16,132.5109100341797,135.60424282446493,131.74250357896327,134.6585187405124,160156900
2022-12-19,130.40267944335938,133.19062108581718,129.36829682919725,133.10196229580487,79592600
2022-12-20,130.333740234375,131.2696181831246,127.95955441414964,129.43726118544186,77432800
2022-12-21,133.4369354248047,134.7767236692483,130.77706590433928,131.003643429146,85928000
2022-12-22,130.2647705078125,132.56014344596582,128.36346171921937,132.35327292045574,77852100
2022-12-23,129.90029907226562,130.4519739547497,127.71329147955147,128.974266934376,63814900
2022-12-27,128.0974884033203,129.45698360544398,126.80696007412172,129.42743066905106,69007800
2022-12-28,124.16678619384766,129.08262238361158,123.99931454878694,127.74283419111387,85438400
2022-12-29,127.6837387084961,128.5408039711882,125.8316819463041,126.08781241864538,75703700
2022-12-30,127.99896240234375,128.01866936965655,125.53612512465858,126.50156359082803,77034200
2023-01-03,123.21119689941406,128.9545451464431,122.32457128587431,128.3437644584535,112117500
2023-01-04,124.48202514648438,126.74784531380757,123.22104984209798,125.00414702883133,89113600
2023-01-05,123.16194915771484,125.87107865122056,122.9058186898535,125.24059093401247,80962700
2023-01-06,127.69357299804688,128.3536136037993,123.03387482286254,124.13723200436364,87754700
2023-01-09,128.21566772460938,131.4272262992552,127.95953732997245,128.53091900909354,70790800
2023-01-10,128.787109375,129.30923140505178,126.21589813764389,128.3240932303102,63896200
2023-01-11,131.50607299804688,131.52576493439358,128.52110615216108,129.29935853420528,69458900
2023-01-12,131.42727661132812,132.26463497127472,129.4865533653131,131.89029271765745,71379600
2023-01-13,132.75721740722656,132.91484312570734,129.7032980297447,130.0677943507176,57809700
2023-01-17,133.91964721679688,135.24957434953774,132.1365500404185,132.82614355724837,63646600
2023-01-18,133.2005157470703,136.5499789381121,133.02318309021993,134.78658853017248,69672800
2023-01-19,133.25962829589844,134.22505937639417,131.78192122019502,132.0873116107182,58280400
2023-01-20,135.8209686279297,135.9687483442848,132.22522101014553,133.26946486486585,80223600
2023-01-23,139.01283264160156,141.18999437445396,135.85053284595898,136.06726442233395,81760300
2023-01-24,140.41172790527344,141.03236969957698,138.21487421828232,138.22472018745663,66435100
2023-01-25,139.7516632080078,140.3131839948148,136.7469896041819,138.7960782416761,65799300
2023-01-26,141.82046508789062,142.10614847767724,139.79106829556534,141.0421976938989,54105100
2023-01-27,143.76116943359375,145.04185173584784,140.95353538112576,141.03234821855804,70555800
2023-01-30,140.874755859375,143.3868611555781,140.7269911492517,142.80563325307273,64015300
2023-01-31,142.14556884765625,142.19482875871702,140.1654466919342,140.57920288721874,65874500
2023-02-01,143.26858520507812,144.43105564330162,139.21968321658196,141.83029241325445,77663600
2023-02-02,148.57847595214844,148.93311109538428,145.96785201348655,146.68699832950662,118339000
2023-02-03,152.2037811279297,155.0409826349262,145.6329141931087,145.82993873509255,154357300
2023-02-06,149.47499084472656,150.82464018350336,148.5391127115985,150.3025182240104,69858300
2023-02-07,152.3516082763672,152.92299020492754,148.40120972216627,148.40120972216627,83322600
2023-02-08,149.6621551513672,152.28262569889247,148.9233016908853,151.5930321421785,64120100
2023-02-09,148.6277618408203,152.0363458567265,148.18445275739066,151.49451696275133,56007100
2023-02-10,148.99281311035156,149.3184067990407,147.22673043469464,147.46352995054943,57450700
2023-02-13,151.7948760986328,152.19938787253557,148.90400724096855,148.93360529625505,62199000
2023-02-14,151.15357971191406,151.7159729836762,148.84484061249728,150.08800434565288,61707600
2023-02-15,153.25511169433594,153.4228390365263,150.83784167870803,151.06476513520522,65573800
2023-02-16,151.65676879882812,154.24176636818623,151.3015770289575,151.4594283283723,68167900
2023-02-17,150.5122528076172,150.95623873407766,148.83496427712012,150.314927401964,59144100
2023-02-21,146.4966278076172,149.27896600318738,146.42757068306315,148.1936535747809,58867200
2023-02-22,146.92086791992188,147.94696900428042,145.19424437189434,146.88139380804506,51011300
2023-02-23,147.40432739257812,148.33177339849212,145.27319184522457,148.08511286734324,48394200
2023-02-24,144.75027465820312,145.22385866894857,143.77349352201168,145.1449254913303,55469600
2023-02-27,145.94410705566406,147.1774097603546,145.48038403430326,145.73692063205627,44998500
2023-02-28,145.44091796875,147.08860849628215,144.86866373473268,145.08572620470352,50547000
2023-03-01,143.36898803710938,145.26333941787928,143.07299234059016,144.86868852583132,55479000
2023-03-02,143.96096801757812,144.7502847940671,141.97780754659183,142.4514066454644,52238100
2023-03-03,149.0125732421875,149.09150642636217,145.36200004016092,146.06250758539213,70732300
2023-03-06,151.77516174316406,154.21216902598104,151.41010897005816,151.7356876269036,87558000
2023-03-07,149.57493591308594,151.9724687898397,149.11121296034582,151.64687511738626,56182000
2023-03-08,150.82798767089844,151.41997901042942,149.80188641133856,150.76879154793838,47204800
2023-03-09,148.5784149169922,152.47564779944702,148.22322319539091,151.50874285646216,53833600
2023-03-10,146.516357421875,148.92376664622063,145.63824652167983,148.20352210122027,68572400
2023-03-13,148.4600372314453,151.09436981836478,145.72703441304543,145.83556564568843,84457100
2023-03-14,150.5517120361328,151.35088971565344,148.09498288130473,149.25921331444258,73695900
2023-03-15,150.94638061523438,151.20290214198522,147.91738213550175,149.17042182051847,77167900
2023-03-16,153.7681884765625,154.37004080347904,149.6144183096525,150.1274764543104,76161100
2023-03-17,152.92955017089844,154.64631312163698,152.21916653990084,153.99512561739482,98944600
2023-03-20,155.29747009277344,155.7118730486912,152.09088307007352,152.99860710640667,73641400
2023-03-21,157.15234375,157.2707359778321,154.44893912645242,155.21853377224946,73938300
2023-03-22,155.72174072265625,159.97416620924432,155.7020036632039,157.17210596561782,75701800
2023-03-23,156.8070068359375,159.39201912983532,155.57370432805416,156.7083516682842,67622100
2023-03-24,158.1094207763672,158.19821496579544,155.7414853951506,156.73798864921076,59196500
2023-03-27,156.16571044921875,158.62245469903792,155.76118357485748,157.8035399490982,52390300
2023-03-28,155.5441131591797,156.3729039229444,153.8964227422894,155.85984584155918,45992200
2023-03-29,158.62249755859375,158.8987562169574,157.22146720404447,157.24118921180775,51305700
2023-03-30,160.19119262695312,160.29972384705454,159.11575648092384,159.3722779761809,49501700
2023-03-31,162.69728088378906,162.79595111857384,159.74723055627194,160.27014967971024,68749800
2023-04-03,163.95030212402344,164.06869434845072,162.0263532022681,162.07568831410026,56976200
2023-04-04,163.41754150390625,164.61137005549932,162.90448337873613,164.37458557847017,46278300
2023-04-05,161.57252502441406,162.84530192290984,159.6387146980463,162.53944524256352,51511700
2023-04-06,162.46051025390625,162.75650592852264,159.83603835658786,160.2602872813979,45390100
2023-04-10,159.86561584472656,159.86561584472656,157.94166678976978,159.26376357061562,47716900
2023-04-11,158.65206909179688,160.1912285181147,158.3659344224378,160.18136751588224,47644200
2023-04-12,157.96141052246094,159.89522066020655,157.64567781550258,159.06644488688698,50133100
2023-04-13,163.34849548339844,163.585295053308,159.2637969960001,159.47099850154177,68445600
2023-04-14,163.00314331054688,164.0983166124722,161.63171143290737,162.39141498863978,49386500
2023-04-17,163.0228729248047,163.1807392768596,161.83890539432053,162.8847436304976,41516200
2023-04-18,164.24632263183594,165.17376867697192,163.43726882906975,163.8812698478859,49923000
2023-04-19,165.39085388183594,165.91377309743532,163.32876002913073,163.5852966627984,47720200
2023-04-20,164.4239044189453,165.62760901810955,163.34846811386117,163.87138723669895,52456400
2023-04-21,162.81570434570312,164.22659550246317,162.2927851703339,162.84530240808513,58337300
2023-04-24,163.1215362548828,163.38793383083043,161.70076925644653,162.79594256316088,41949600
2023-04-25,161.58236694335938,164.08843103621228,161.5428928319972,162.98339679746925,48714100
2023-04-26,161.57252502441406,163.07222541881754,160.62535692108122,160.8818784792827,45498800
2023-04-27,166.16041564941406,166.30840595665688,162.98342657757053,162.98342657757053,64902300
2023-04-28,167.41343688964844,167.58117930762924,165.63749302008387,166.23934534853646,55275900
2023-05-01,167.32461547851562,168.17312821243692,166.38730857655852,167.01875886308395,52472900
2023-05-02,166.28863525390625,168.07446991146244,165.30199325866423,167.8179333575238,48425700
2023-05-03,165.2132110595703,168.6368602354505,164.92709148440827,167.23583030731814,65136000
2023-05-04,163.5753936767578,164.8086963510818,162.11516752574818,162.68742177323023,81235400
2023-05-05,171.25146484375,171.9717093122383,168.478988085668,168.69605053726107,113453200
2023-05-08,171.18240356445312,171.5277343198539,169.8109716539451,170.1760244116815,55962800
2023-05-09,169.47555541992188,171.2219014856959,169.30782803221874,170.7384563843654,45326900
2023-05-10,171.24160766601562,171.70533067690712,169.60377809797177,170.70882753380215,53724500
2023-05-11,171.4290771484375,172.2578529585823,169.87018071223292,171.52774738748727,49514700
2023-05-12,170.5003662109375,171.97248691459123,168.94918806657878,171.53776144545145,45533100
2023-05-15,170.00634765625,171.13267487374878,169.4135375098661,171.0832715155854,37266700
2023-05-16,170.00634765625,171.0635071571624,169.73958158279842,169.92730529834625,42110300
2023-05-17,170.618896484375,170.8560084675657,168.37611683004315,169.65065404284252,57951600
2023-05-18,172.95057678222656,173.13830046836398,170.51019901401196,170.92516002115397,65496700
2023-05-19,173.05926513671875,174.27450921230027,172.84190244667505,174.27450921230027,55809500
2023-05-22,172.11080932617188,172.61470252401188,171.36980410656224,171.8934465890232,43570900
2023-05-23,169.50245666503906,171.30063640969706,169.22581594675142,171.0536346915268,50747300
2023-05-24,169.77908325195312,170.35212899950594,168.4749221279745,169.03807815911904,45143500
2023-05-25,170.9153289794922,171.81440385308167,169.6309169197775,170.34228313513364,56058300
2023-05-26,173.32601928710938,173.66195304430255,171.03385143516303,171.24133948884744,54835000
2023-05-30,175.17359924316406,176.84333305757605,174.45235853913644,174.83768056740178,55964400
2023-05-31,175.1242218017578,177.19904230758075,174.64009299685546,175.20326416230037,99625300
2023-06-01,177.93014526367188,177.95978426232014,174.8080400825605,175.56880955803746,68901800
2023-06-02,178.77981567382812,179.59986307293,177.11008187963884,178.8588580217184,61996900
2023-06-05,177.42625427246094,182.7318457046313,175.90471543246178,180.43967788018574,121946500
2023-06-06,177.06072998046875,177.95980483638854,175.30206376122024,177.81160982601426,64848400
2023-06-07,175.6873779296875,179.03672040758232,175.19337452542106,176.29993732672585,61944600
2023-06-08,178.4044189453125,178.6711699623807,175.33171678380066,175.76642717021195,50214900
2023-06-09,178.78973388671875,180.0444917855316,178.4636898031236,179.32325097528164,48900000
2023-06-12,181.5857696533203,181.68457636718009,178.79959821677159,179.09600328256303,54274900
2023-06-13,181.1115264892578,181.94144859403625,180.2519653861507,180.6076484418825,54929100
2023-06-14,181.74383544921875,182.1785608236948,179.83698969165084,181.17078973520816,57462900
2023-06-15,183.77914428710938,184.28303741690132,181.57589328622848,181.7537423543279,65433200
2023-06-16,182.70220947265625,184.74739071591918,182.06001110467366,184.4904993080967,101256200
2023-06-20,182.79110717773438,183.86804589731415,182.19831222578372,182.19831222578372,49799100
2023-06-21,181.7537384033203,183.1863452547994,180.40015882951445,182.6824521359612,49515700
2023-06-22,184.75729370117188,184.80669706223912,181.46722885451086,181.53639657516283,51245300
2023-06-23,184.44110107421875,185.31055187722217,182.79113153727351,183.3246636484937,53117000
2023-06-26,183.04798889160156,185.79464606187423,183.00846018475457,184.5892767913765,48088700
2023-06-27,185.80455017089844,186.13059421306954,183.44321460104132,183.66057729582204,50730800
2023-06-28,186.98031616210938,187.62251465229744,185.35011071729988,185.67613974563,51216800
2023-06-29,187.31622314453125,187.7904773075337,186.67402469467498,186.8123450566035,46347300
2023-06-30,191.64370727539062,192.14758538728958,188.9662018357955,189.33177465497502,85213200
2023-07-03,190.1518096923828,191.5547776450248,189.46019281962833,191.45597092726317,31458200
2023-07-05,189.03536987304688,190.6655752957469,188.33387831143204,189.2724969662243,46920300
2023-07-06,189.50958251953125,189.7170705815605,186.9308841600135,187.56320791106293,45094300
2023-07-07,188.3931427001953,190.3592817984136,187.9584323411384,189.11439856972888,46815000
2023-07-10,186.34799194335938,187.71144636227646,184.7968137913114,186.9901904322695,59922200
2023-07-11,185.82431030273438,187.02967973700999,184.3620645421884,186.89135939582033,46638100
2023-07-12,187.4940643310547,189.4009103170613,186.20965240962747,187.40513225686783,60750200
2023-07-13,188.2548065185547,188.89701997543003,187.5039267878899,188.21529288043007,41342300
2023-07-14,188.4030303955078,188.88714410801785,187.35574553686786,187.94854060692288,41616200
2023-07-17,191.6634521484375,191.9894962144421,189.5095893997432,189.598506397075,50520200
2023-07-18,191.4065704345703,191.9993805984401,190.1122838217696,191.0311380681889,48288200
2023-07-19,192.7601318359375,195.85258285437448,190.3395031262878,190.7841182449009,80507300
2023-07-20,190.81373596191406,194.11367467272564,190.19128692590516,192.7502206227197,59581200
2023-07-21,189.63803100585938,192.63169045749675,188.93653953192955,191.77212935032986,71951700
2023-07-24,190.43829345703125,192.57239156999128,189.9442901017601,191.0903815041778,45377800
2023-07-25,191.29788208007812,192.10805493602857,190.60628029804008,191.01136672601527,37283200
2023-07-26,192.1673126220703,193.29363971255637,191.00147189498233,191.34726521155525,47471900
2023-07-27,190.90269470214844,194.83495794865564,190.24073188727883,193.66911704133602,47460200
2023-07-28,193.48138427734375,194.27179277672036,191.8116502798051,192.3352927070371,48291400
2023-07-31,194.0939483642578,194.13347708185938,192.91821776612247,193.70862628447964,38824100
2023-08-01,193.26402282714844,194.37058568804014,192.93797875368105,193.88647197429418,35175100
2023-08-02,190.27035522460938,192.83916391140565,189.54911446715442,192.70084355962268,50389300
2023-08-03,188.8772735595703,190.06287880115997,188.40303447809214,189.2724853572926,61235200
2023-08-04,179.80734252929688,185.13269797319032,179.7381748247779,183.29500493096032,115956800
2023-08-07,176.70504760742188,180.93371611312844,175.22303719441848,179.94570917112617,97576100
2023-08-08,177.6436309814453,178.10799539743132,175.45025461361834,177.5349496271552,67823000
2023-08-09,176.05294799804688,178.76007719518685,174.88709204262926,178.70079919463467,60378500
2023-08-10,175.8355712890625,178.58222898523437,175.47001359754938,177.3274561288203,54686900
2023-08-11,175.89492797851562,176.71608281179377,174.6681548123879,175.4299516016464,52036700
2023-08-14,177.5471649169922,177.77470914879805,175.4200724407671,176.07304120627697,43675600
2023-08-15,175.55856323242188,177.56692432110017,175.1628328578025,176.9733287591711,43622600
2023-08-16,174.68795776367188,176.63694575843348,174.61869664349865,175.24198634047178,46964900
2023-08-17,172.1453094482422,175.61789042836233,171.6308479746951,175.251839141336,66062900
2023-08-18,172.63009643554688,173.23359497916323,170.12706520451775,170.46343748229896,61172200
2023-08-21,173.96571350097656,174.2526308376999,171.88810651020768,173.2039318191006,46311900
2023-08-22,175.34088134765625,175.7860817280131,174.37133150436787,175.17269520823896,42038900
2023-08-23,179.18943786621094,179.61486234805133,176.42918310654636,176.61716031274474,52722800
2023-08-24,174.49996948242188,179.16966018527063,174.13390304899033,178.74423570753817,54945800
2023-08-25,176.70620727539062,177.2404448053197,173.9459523611551,175.4893219988908,51449600
2023-08-28,178.26937866210938,178.66510907128173,176.64685983066678,178.17043851174256,43820700
2023-08-29,182.157470703125,182.92915552039761,177.58671984756458,177.78458503986462,53003900
2023-08-30,185.64981079101562,185.84769104467406,182.77084029246882,182.96870544998342,60813900
2023-08-31,185.8674774169922,187.10415359099386,185.48163505454943,185.8377983965077,60794500
2023-09-01,187.4405517578125,187.89564016216337,186.27312153245367,187.47023078000296,45766500
2023-09-05,187.677978515625,187.95499277883354,185.61025951662367,186.27311615331163,45280000
2023-09-06,180.96035766601562,186.83704535292617,179.5357042757167,186.39182984634905,81755800
2023-09-07,175.66738891601562,176.31046963604499,171.69023379276553,173.312752460059,112488800
2023-09-08,176.28076171875,178.31881673909905,175.89491935539235,176.44896296342043,65551300
2023-09-11,177.44821166992188,178.3781946740771,175.44973851819339,178.15065045906456,58953100
2023-09-12,174.4208221435547,178.2100000030001,172.95660168355545,177.57682236385347,90370200
2023-09-13,172.3531036376953,175.4101637291933,172.12554433664133,174.62857587906927,84267900
2023-09-14,173.86679077148438,174.22295413122683,171.72981061302968,172.14533201670497,60895800
2023-09-15,173.14456176757812,174.61868528190746,171.967258666553,174.59889423512476,109259500
2023-09-18,176.07301330566406,177.46798769380123,174.2921965438023,174.59888982853914,67257600
2023-09-19,177.1613006591797,177.71532920549458,175.24197669791334,175.62781908525017,51826900
2023-09-20,173.6194610595703,177.78457830053213,173.5304088946865,177.3492658362857,58436200
2023-09-21,172.0760498046875,174.4207979255845,172.00680379397062,172.68945140779596,63149100
2023-09-22,172.92689514160156,175.19249433338604,172.19479251227028,172.80817906033587,56725400
2023-09-25,174.2031707763672,175.08368369125543,172.29373473406022,172.3432048049037,46172700
2023-09-26,170.1270751953125,173.33253018900052,169.83026989319274,172.9565908960506,64588900
2023-09-27,168.61337280273438,171.19555331579562,167.24809254140138,170.7800319235512,66921800
2023-09-28,168.87060546875,170.19631868961176,165.83332157268651,167.53498917707262,56294400
2023-09-29,169.3850860595703,171.2252609973693,168.5243490895999,170.18644988639232,51861100
2023-10-02,171.8979949951172,172.4421355524603,169.10804618991,169.39496352748424,52164500
2023-10-03,170.56236267089844,171.77926282963776,168.99921735596456,170.4238555507343,49594600
2023-10-04,171.8089599609375,172.3531005247124,169.14763028223018,169.26634637027362,53020300
2023-10-05,173.04563903808594,173.57987653919332,170.83939772477277,171.93756684563112,48527900
2023-10-06,175.59815979003906,176.09283034712797,171.33408690716874,171.94748866333921,57266700
2023-10-09,177.08216857910156,177.14152662960254,173.92616806085798,174.925397135301,42390800
2023-10-10,176.48854064941406,177.80436599291428,176.05322819338144,176.20163840129018,43698000
2023-10-11,177.88352966308594,177.9329997364432,175.7069823006886,176.30057789253502,47551100
2023-10-12,178.78382873535156,180.39644439001881,177.13161588848607,178.1506510638416,56743100
2023-10-13,176.94366455078125,179.9908219020002,176.24122571645097,179.48626336769357,51427100
2023-10-16,176.8150177001953,177.17118104988546,174.6285675347915,174.86601479996662,52517000
2023-10-17,175.26174926757812,176.51821654411026,172.93680701299223,174.7670787756051,57549400
2023-10-18,173.96571350097656,175.68717223288098,173.2434988158149,173.70849028197048,54764400
2023-10-19,173.58978271484375,175.9444040866048,173.32265641144056,174.16358722416024,59302900
2023-10-20,171.0372772216797,173.55019672394363,170.7998299466356,173.44136860989997,64244000
2023-10-23,171.15599060058594,172.15521956196545,168.11870652701532,169.08827156264798,55980100
2023-10-24,171.59129333496094,171.81883752196748,169.6224994494151,171.20545097606092,43816600
2023-10-25,169.27627563476562,171.21537582153513,168.83106004342108,170.04796051874604,57157000
2023-10-26,165.1111297607422,169.55327657792432,163.90413245355498,168.55403244057868,70625300
2023-10-27,166.4269561767578,167.1590740039346,165.05177269186868,165.13092178908886,58499100
2023-10-30,168.47486877441406,169.34549366723184,167.0700063949142,167.21841659954197,51131000
2023-10-31,168.9497528076172,169.07835686158955,166.11033410734646,167.54489051547947,44846000
2023-11-01,172.1156768798828,172.37290013800276,168.30670750672277,169.1773325282788,56934900
2023-11-02,175.67730712890625,175.88506030695757,173.58979679508,173.64915484595178,77334800
2023-11-03,174.76708984375,174.93529110628108,171.5022764668811,172.38278939451087,79829200
2023-11-06,177.31956481933594,177.517429979593,174.33176617832314,174.49995231934884,63841300
2023-11-07,179.8820037841797,180.4953904276926,177.06237564620827,177.27012882075113,70530000
2023-11-08,180.94058227539062,181.4946108426327,179.65443590363796,180.40634475587757,49340300
2023-11-09,180.46568298339844,182.15744752284814,179.87207238589124,181.00982351508927,53763500
2023-11-10,184.65609741210938,184.82452025063435,181.8129530168045,182.24883894138773,66133400
2023-11-13,183.0710906982422,184.28957909475855,182.4866141219331,184.0815522328342,43627500
2023-11-14,185.6864013671875,186.35013134634684,184.55706727911962,185.94396348691,60108400
2023-11-15,186.25106811523438,187.72713387081996,186.02322411136396,186.09257648247507,53790500
2023-11-16,187.93515014648438,189.1734556093977,186.88505441646575,187.79646053927942,54412900
2023-11-17,187.9153289794922,188.59887599886426,186.805812145748,188.47008739636428,50922700
2023-11-20,189.6588592529297,190.11456230851306,188.10355547172335,188.11345647352806,46505100
2023-11-21,188.8564453125,189.72821721009598,187.96487141071046,189.6192457228965,38134500
2023-11-22,189.52015686035156,191.12499577436776,189.04465183324163,189.69848069303796,39617700
2023-11-24,188.1927032470703,189.11399521175224,187.47943812523724,189.08427709134526,24048300
2023-11-27,188.014404296875,188.886176253634,187.13273133734725,188.14319291304204,40552600
2023-11-28,188.6186981201172,189.29234420962146,187.62805366546104,188.0045033953615,38415400
2023-11-29,187.5983123779297,190.29286617117475,187.2020606914072,189.11399699712592,43014200
2023-11-30,188.17291259765625,188.53946132762457,186.42938378571617,188.06394110215783,48794400
2023-12-01,189.45083618164062,189.76783452208102,187.45963130874318,188.54934617033052,45704800
2023-12-04,187.65777587890625,188.2719857330804,185.69630404843608,188.20263336404662,43389500
2023-12-05,191.6104278564453,192.58125508438908,188.40073472916,188.43046796633192,66628400
2023-12-06,190.52073669433594,192.93789631295678,190.3126947209947,192.63079897005184,41089700
2023-12-07,192.45248413085938,193.17565028147504,191.77883810543793,191.8184723448333,47477700
2023-12-08,193.8790283203125,194.15640755182167,191.8581052152776,192.38314555463674,53406400
2023-12-11,191.37266540527344,191.6797778466323,189.62913681721145,191.30332816215127,60943700
2023-12-12,192.88836669921875,192.89826770087802,189.92633467152928,191.27361158280868,52696900
2023-12-13,196.1079559326172,196.14757505430106,193.02705149757753,193.26479645974607,70404200
2023-12-14,196.2565460205078,197.7524134956911,194.32479262777906,196.1673916599279,66831600
2023-12-15,195.7216339111328,196.54385551373443,195.15695931123605,195.68199966761293,128538400
2023-12-18,194.0573272705078,194.79040955452615,192.5713606983871,194.25545312358386,55751900
2023-12-19,195.09750366210938,195.10740466398735,194.05732405565033,194.32480226669028,40714100
2023-12-20,193.0072479248047,195.8305753609382,193.0072479248047,195.05787394759355,52242800
2023-12-21,192.858642578125,195.23619818360498,191.6896894536902,194.26537091395173,46482500
2023-12-22,191.78875732421875,193.58182122700063,191.164646529934,193.35396213687642,37149600
2023-12-26,191.243896484375,192.0760341178965,191.02595351616222,191.79865490672267,28919300
2023-12-27,191.3429718017578,191.6897034098951,189.3022466284661,190.68915794498034,48087700
2023-12-28,191.76895141601562,192.8388492190412,191.36278357008254,192.32370988068791,34049900
2023-12-29,190.72874450683594,192.58124449746825,189.93622604929251,192.08592235100764,42672100
2024-01-02,183.90321350097656,186.6770206585062,182.16958591702465,185.39908100307179,82488700
2024-01-03,182.5262451171875,184.14100045386294,181.7139093893273,182.49652699212288,58414500
2024-01-04,180.2081298828125,181.37708304150152,179.18776734055538,180.44587486910356,71983600
2024-01-05,179.4849395751953,181.05015949262307,178.48439420396812,180.28737421180142,62379700
2024-01-08,183.82395935058594,183.86359358874157,179.80194579166277,180.38642231817897,59144500
2024-01-09,183.4079132080078,183.41781421075365,181.0204564512382,182.19932576748687,42841800
2024-01-10,184.44808959960938,184.6561164657865,182.1993225017619,182.6253074687535,46792900
2024-01-11,183.8536834716797,185.3000308909078,181.90211286972462,184.7947925921475,49128400
2024-01-12,184.1805877685547,184.99292335610073,183.4574216568355,184.31927736691225,40477800
2024-01-16,181.9120330810547,182.5361287641061,179.23728115128065,180.45578462721193,65603000
2024-01-17,180.97091674804688,181.2185778549055,178.613193289656,179.57411959355028,47317400
2024-01-18,186.86524963378906,187.37047281337263,184.09144241490495,184.34900450558874,78005800
2024-01-19,189.767822265625,190.1541729432286,187.05346652103705,187.55868967912403,68903000
2024-01-22,192.0760498046875,193.50258021639056,190.46129453087994,190.50092877344645,60133900
2024-01-23,193.3539581298828,193.91863266844476,192.01659731903075,193.19546652112328,42355600
2024-01-24,192.6803436279297,194.54276001272405,192.52183688964197,193.59173469903226,53631300
2024-01-25,192.35342407226562,194.43378338829353,191.30334341188293,193.39360373027958,54822100
2024-01-26,190.6197967529297,192.93790105900956,190.14429166563914,192.45249496932922,44594000
2024-01-29,189.93624877929688,190.4018528619721,187.8063693410428,190.2136280052267,47145600
2024-01-30,186.28079223632812,190.00562537270864,185.71613271012245,189.1536704655616,55859400
2024-01-31,182.67481994628906,185.34957189909602,182.62529981948686,185.2901205380725,55467800
2024-02-01,185.11180114746094,185.20095550981347,182.10024901841177,182.26865674153308,64885400
2024-02-02,184.11123657226562,185.57738580320574,177.57297859434578,178.17727218053545,102551700
2024-02-05,185.92413330078125,187.47945226083425,184.10135123689923,186.3897373769733,69668800
2024-02-06,187.52899169921875,187.53889270164484,185.02266252630227,185.1118168962398,43490800
2024-02-07,187.63795471191406,189.26261088240534,186.84543618864265,188.85644306077413,53439000
2024-02-08,186.55816650390625,187.7667388029894,185.5972401965417,187.61814818475136,40962000
2024-02-09,187.32191467285156,188.45268968737696,186.4787864459619,187.12352087688578,45155200
2024-02-12,185.63568115234375,187.14338640307878,185.27859346494134,186.8954092628083,41781900
2024-02-13,183.5427703857422,184.7033168281689,182.02515135835327,184.26687459944858,56529500
2024-02-14,182.65992736816406,184.0287658151745,180.96377246543662,183.82047352517276,54630500
2024-02-15,182.372314453125,182.99722170980874,179.88262933424807,182.06482521105013,65434500
2024-02-16,180.83480834960938,183.35426402718235,180.19998761283796,181.93582722037294,49752500
2024-02-20,180.0908966064453,180.95385211869663,178.543521838827,180.31903131312703,53665600
2024-02-21,180.8447723388672,181.41015233649017,179.1982005294332,180.4678422502364,41371400
2024-02-22,182.878173828125,183.463411373256,180.98364000764028,181.99537582737872,52292200
2024-02-23,181.04315185546875,183.54275049121756,180.75548990166286,183.51299444569602,45119700
2024-02-26,179.6941375732422,181.28118200444274,179.1882545795608,180.76540051034647,40867400
2024-02-27,181.1522216796875,182.43177675545277,178.10705586637005,179.63460315794086,54318900
2024-02-28,179.95205688476562,181.63829848228303,178.67250144683115,181.03323362922586,48953900
2024-02-29,179.2874755859375,181.09275646398507,178.07734590919267,179.80327228471162,136682600
2024-03-01,178.20628356933594,179.06923911535185,175.94473341504965,178.0971730296413,73563100
2024-03-04,173.6831817626953,175.46860492728393,172.38376893378626,174.7246735635979,81510100
2024-03-05,168.74346923828125,170.6479317427376,168.24751498810025,169.37829007310003,95132400
2024-03-06,167.75155639648438,169.85441265484894,167.31511424596866,169.67586125903696,68587700
2024-03-07,167.63253784179688,169.34853532264208,167.12666995146384,167.78131806385875,71765100
2024-03-08,169.34854125976562,172.29451084245372,167.5730316278488,167.63254371875993,76267000
2024-03-11,171.35218811035156,172.9690037589795,170.65785520874886,171.54065314121274,60139500
2024-03-12,171.82827758789062,172.6218072873591,169.62623986114266,171.74892310441177,59825400
2024-03-13,169.74530029296875,171.78862930722158,169.3782838692582,171.3720295685671,52488700
2024-03-14,171.6001739501953,172.89957168966941,170.65786388331372,171.51090581587792,72913500
2024-03-15,171.22323608398438,171.22323608398438,168.91208752136302,169.78497182252738,121752700
2024-03-18,172.3143310546875,176.2720510790249,172.1159523987632,174.14936767646017,75604200
2024-03-19,174.65525817871094,175.18096849600929,171.62993409357304,172.92933186407737,55215200
2024-03-20,177.22430419921875,177.22430419921875,173.67326966604173,174.29817691484007,53423100
2024-03-21,169.9833526611328,176.05384289670778,169.45764237357878,175.61740074055217,106181300
2024-03-22,170.88600158691406,171.64977539848843,168.68396342338923,170.37020490965267,71160100
2024-03-25,169.46755981445312,170.54873636107317,168.0788789435942,169.1898266673456,54288300
2024-03-26,168.33680725097656,170.0329624014482,168.20785429573576,168.6244540719099,57388400
2024-03-27,171.90765380859375,172.19531573949365,168.7335497446837,169.03112531152695,60273300
2024-03-28,170.0924530029297,170.83638432396197,169.13030061690222,170.36027251639132,65672700
2024-04-01,168.65420532226562,169.86433493378763,168.1086526063626,169.80482284392966,46240500
2024-04-02,167.4738311767578,167.96978543762384,166.86876637308836,167.71189467068976,49329500
2024-04-03,168.2772674560547,169.29893197888933,167.21593325359058,167.4242255584593,47691700
2024-04-04,167.45401000976562,170.52891745806397,167.45401000976562,168.91210166538218,53704400
2024-04-05,168.2078399658203,169.01128340394683,167.58293278713433,168.217753601793,42104800
2024-04-08,167.08700561523438,167.83093708737283,166.87871327881734,167.66231443659373,37425500
2024-04-09,168.29714965820312,168.70383586334898,166.98783802632548,167.3349969949682,42373800
2024-04-10,166.4224090576172,167.72180678766216,165.75783217031642,167.43415997850798,49709300
2024-04-11,173.6236572265625,174.040272115757,166.7993370367697,166.97787330186227,91070300
2024-04-12,175.12144470214844,176.91679662448954,172.80038249764078,172.8499658132502,101670900
2024-04-15,171.2926788330078,175.20080068867838,171.10421379905583,173.94107267383276,73531800
2024-04-16,168.0094451904297,172.35399357547163,166.9084262901455,170.3602631929335,73711200
2024-04-17,166.640625,169.26917642354965,166.640625,168.2375982616629,50901200
2024-04-18,165.6884002685547,167.27546002889196,165.20237475763562,166.67039519798726,43122900
2024-04-19,163.6649169921875,165.05358296102196,162.75236290762146,164.86513304300607,68149400
2024-04-22,164.49810791015625,165.9066162144586,163.43677364744048,164.18070504913473,48116400
2024-04-23,165.5495147705078,165.69831011966792,163.58554027123327,164.01206877643943,49537800
2024-04-24,167.65237426757812,167.93010742906517,164.86511388137603,165.19243035823263,48251800
2024-04-25,168.5153350830078,169.2295104164757,166.78940883790665,168.15824741627387,50558300
2024-04-26,167.93008422851562,169.95357057341047,167.81104493623707,168.50539287934848,44838400
2024-04-29,172.09613037109375,174.60565774723543,171.69937301226366,171.9671774185786,68169400
2024-04-30,168.95176696777344,173.5740639461448,168.62443536523762,171.92749229774822,65934800
2024-05-01,167.93008422851562,171.31249528507365,167.74161922311797,168.20781735163217,50383100
2024-05-02,171.6299285888672,172.0167723030629,169.50724497899176,171.11413192483198,94214900
2024-05-03,181.8961944580078,185.48689856009224,181.18201909229816,185.13972451400554,163224100
2024-05-06,180.2397003173828,182.70954279745968,178.9601298757301,180.87452115240256,78569700
2024-05-07,180.92410278320312,183.40387401178498,179.8528549315395,181.965609726272,77305800
2024-05-08,181.26133728027344,181.5886688519262,179.981767033329,181.3704478041577,45057100
2024-05-09,183.07655334472656,183.16582147443802,180.6364518520254,181.08280763590477,48983000
2024-05-10,181.8151092529297,183.84134031553506,180.9013175850214,183.65261967053823,50759500
2024-05-13,185.0233154296875,185.83779081511702,183.3745104951717,184.18898588060125,72044800
2024-05-14,186.1655731201172,187.029714327999,185.0332642686859,186.24503525163803,52393600
2024-05-15,188.44012451171875,189.36384333151435,186.1059718662387,186.6423374407049,70400000
2024-05-16,188.55929565429688,189.81080512810087,188.38051724709635,189.18505039119887,52845200
2024-05-17,188.589111328125,189.52277241007562,187.90376371878457,188.23153932133224,41282900
2024-05-20,189.751220703125,190.6252889956646,187.73491647398643,188.05276500067424,44361300
2024-05-21,191.05239868164062,191.42982486744873,189.63203768676544,189.80088903544183,42309400
2024-05-22,189.61215209960938,191.5192128106237,188.9864124860383,190.9729201671483,34648500
2024-05-23,185.61927795410156,189.71147882549133,185.3709645001415,189.6916095055364,51005900
2024-05-24,188.6983642578125,189.2943226367172,186.771449342652,187.54620129756856,36327000
2024-05-28,188.7082977294922,191.69798625592665,187.82430244055638,190.21803261577213,52280100
2024-05-29,189.00628662109375,190.95307102285372,188.23154975607,188.33088121296123,53068000
2024-05-30,189.99954223632812,190.88353764935988,189.34400614498344,189.47311885305376,49889100
2024-05-31,190.9530487060547,191.2708972062775,188.62883838261533,190.14851552916033,75158300
2024-06-03,192.72103881835938,193.67456916074488,191.22123099586668,191.5986571441052,50080500
2024-06-04,193.0388946533203,194.0023521144802,191.72779227719917,193.32693160548868,47471400
2024-06-05,194.5486297607422,195.5716800296083,193.55537589536917,194.08179923154876,54156800
2024-06-06,193.1680145263672,195.17439165110096,192.86010824182844,194.36985841579607,41181800
2024-06-07,195.561767578125,195.61143330627965,192.83031924399432,193.33687329712626,53103900
2024-06-10,191.8171844482422,195.96899354752293,190.8537269722117,195.57168290202756,97010200
2024-06-11,205.75253295898438,205.762475197422,192.32375155853347,192.34360572370616,172373300
2024-06-12,211.6326141357422,218.7145040828182,205.50422428227435,205.97105482418652,198134300
2024-06-13,212.7947235107422,215.2877853731434,210.17253378994005,213.29135046662026,97862700
2024-06-14,211.0565185546875,213.71843162956222,209.874544034183,212.40734441299963,70122700
2024-06-17,215.20831298828125,217.47293058672338,211.28496325493592,211.93057220447776,93728300
2024-06-18,212.8443603515625,217.15509356895643,211.56306955662498,216.12210108008887,79943300
2024-06-20,208.2654571533203,212.79470737847507,207.44106980621038,212.48678595825902,86172500
2024-06-21,206.09027099609375,210.46058238700795,205.71282963889428,208.97070143703453,241805100
2024-06-24,206.73587036132812,211.2651058128792,205.19632375372012,206.3187055335118,80727000
2024-06-25,207.6595916748047,209.95400566525086,207.20268823087267,207.73903864641352,55549700
2024-06-26,211.81138610839844,213.41052543273105,209.21899292189278,210.07319184959564,66213200
2024-06-27,212.65567016601562,214.28460598729217,210.91747580739147,213.24168634094727,49772700
2024-06-28,209.19911193847656,214.61235731022026,208.88127860134253,214.31437813701,82542700
2024-07-01,215.2877655029297,216.04263295008636,210.49034773322808,210.65919906394006,60402900
2024-07-02,218.78402709960938,218.89328562800327,213.6489065767971,214.6918109818244,58046200
2024-07-03,220.05540466308594,220.05540466308594,217.55240059045883,218.5158580863075,37369800
2024-07-05,224.8130645751953,224.92232310094593,220.1547017635972,220.1547017635972,60412400
2024-07-08,226.2831268310547,226.31292323770106,221.7439489111218,225.55804052038548,59085900
2024-07-09,227.13729858398438,227.85244261706796,224.84288445944628,226.39235814584333,48076100
2024-07-10,231.4082794189453,231.50761086701095,227.70344677503346,227.75311249906628,62627700
2024-07-11,226.03482055664062,230.82229696622585,224.24696032150067,229.82904296402066,64710600
2024-07-12,228.9847412109375,231.07058040656065,227.13728840093884,227.37567478656334,53046500
2024-07-15,232.81871032714844,235.62962070976812,231.5175501306247,234.88468027763452,62631300
2024-07-16,233.2358856201172,234.67610072880163,230.76267797901863,233.41466404542834,43234300
2024-07-17,227.33595275878906,229.8985495862513,225.11105861290636,227.90209958898402,57345900
2024-07-18,222.6676483154297,228.88542732552744,220.7705449165008,228.7265030667722,66034600
2024-07-19,222.79678344726562,225.2699911539264,221.77373312637206,223.30335264411235,49151500
